URN,LA (code),LA (name),EstablishmentNumber,EstablishmentName,TypeOfEstablishment (code),TypeOfEstablishment (name),EstablishmentTypeGroup (code),EstablishmentTypeGroup (name),EstablishmentStatus (code),EstablishmentStatus (name),ReasonEstablishmentOpened (code),ReasonEstablishmentOpened (name),OpenDate,ReasonEstablishmentClosed (code),ReasonEstablishmentClosed (name),CloseDate,PhaseOfEducation (code),PhaseOfEducation (name),StatutoryLowAge,StatutoryHighAge,Boarders (code),Boarders (name),NurseryProvision (name),OfficialSixthForm (code),OfficialSixthForm (name),Gender (code),Gender (name),ReligiousCharacter (code),ReligiousCharacter (name),ReligiousEthos (name),Diocese (code),Diocese (name),AdmissionsPolicy (code),AdmissionsPolicy (name),SchoolCapacity,SpecialClasses (code),SpecialClasses (name),CensusDate,NumberOfPupils,NumberOfBoys,NumberOfGirls,PercentageFSM,TrustSchoolFlag (code),TrustSchoolFlag (name),Trusts (code),Trusts (name),SchoolSponsorFlag (name),SchoolSponsors (name),FederationFlag (name),Federations (code),Federations (name),UKPRN,FEHEIdentifier,FurtherEducationType (name),OfstedLastInsp,OfstedSpecialMeasures (code),OfstedSpecialMeasures (name),LastChangedDate,Street,Locality,Address3,Town,County (name),Postcode,SchoolWebsite,TelephoneNum,HeadTitle (name),HeadFirstName,HeadLastName,HeadPreferredJobTitle,BSOInspectorateName (name),InspectorateReport,DateOfLastInspectionVisit,NextInspectionVisit,TeenMoth (name),TeenMothPlaces,CCF (name),SENPRU (name),EBD (name),PlacesPRU,FTProv (name),EdByOther (name),Section41Approved (name),SEN1 (name),SEN2 (name),SEN3 (name),SEN4 (name),SEN5 (name),SEN6 (name),SEN7 (name),SEN8 (name),SEN9 (name),SEN10 (name),SEN11 (name),SEN12 (name),SEN13 (name),TypeOfResourcedProvision (name),ResourcedProvisionOnRoll,ResourcedProvisionCapacity,SenUnitOnRoll,SenUnitCapacity,GOR (code),GOR (name),DistrictAdministrative (code),DistrictAdministrative (name),AdministrativeWard (code),AdministrativeWard (name),ParliamentaryConstituency (code),ParliamentaryConstituency (name),UrbanRural (code),UrbanRural (name),GSSLACode (name),Easting,Northing,CensusAreaStatisticWard (name),MSOA (name),LSOA (name),InspectorateName (name),SENStat,SENNoStat,BoardingEstablishment (name),PropsName,PreviousLA (code),PreviousLA (name),PreviousEstablishmentNumber,OfstedRating (name),RSCRegion (name),Country (name),UPRN,SiteName,QABName (code),QABName (name),EstablishmentAccredited (code),EstablishmentAccredited (name),QABReport,CHNumber,MSOA (code),LSOA (code)
100000,201,City of London,3614,The Aldgate School,2,Voluntary aided school,4,Local authority maintained schools,1,Open,0,Not applicable,,0,Not applicable,,2,Primary,3,11,1,No boarders,Has Nursery Classes,2,Does not have a sixth form,3,Mixed,2,Church of England,Does not apply,CE23,Diocese of London,0,Not applicable,276,2,No Special Classes,16-01-2020,276,136,140,10.2,0,Not applicable,,,Not applicable,,Not under a federation,,,10079319,,Not applicable,19-04-2013,0,Not applicable,04-05-2021,St James's Passage,Duke's Place,,London,,EC3A 5DE,www.sirjohncassprimary.org,2072831147,,,,Headteacher,Not applicable,,,,Not applicable,,Not applicable,Not applicable,Not applicable,,,Not applicable,Not applicable,,,,,,,,,,,,,,,,,,,H,London,E09000001,City of London,E05009308,Portsoken,E14000639,Cities of London and Westminster,A1,(England/Wales) Urban major conurbation,E09000001,533498,181201,,City of London 001,City of London 001F,,,,,,999,,,Outstanding,North-West London and South-Central England,,200000071925,,0,Not applicable,0,Not applicable,,,E02000001,E01032739
100001,201,City of London,6005,City of London School for Girls,11,Other independent school,3,Independent schools,1,Open,0,Not applicable,01-01-1920,0,Not applicable,,0,Not applicable,7,18,1,No boarders,No Nursery Classes,1,Has a sixth form,2,Girls,6,None,Inter- / non- denominational,0,Not applicable,0,Not applicable,780,2,No Special Classes,16-01-2020,744,0,744,0.0,0,Not applicable,,,Not applicable,,Not applicable,,,10013279,,Not applicable,,0,Not applicable,12-04-2021,St Giles' Terrace,Barbican,,London,,EC2Y 8BB,http://www.clsg.org.uk,2078475500,,,,Headteacher,Not applicable,,,,Not applicable,,Not applicable,Not applicable,Not applicable,,,Not applicable,Not approved,,,,,,,,,,,,,,,,,,,H,London,E09000001,City of London,E05009302,Cripplegate,E14000639,Cities of London and Westminster,A1,(England/Wales) Urban major conurbation,E09000001,532301,181746,,City of London 001,City of London 001B,ISI,0,63,Does not have boarders,Corporation of London,999,,,,North-West London and South-Central England,,200000074660,,0,Not applicable,0,Not applicable,,,E02000001,E01000002
100002,201,City of London,6006,St Paul's Cathedral School,11,Other independent school,3,Independent schools,1,Open,0,Not applicable,01-01-1939,0,Not applicable,,0,Not applicable,4,13,3,Boarding school,No Nursery Classes,2,Does not have a sixth form,3,Mixed,2,Church of England,Christian,0,Not applicable,0,Not applicable,265,2,No Special Classes,16-01-2020,260,148,112,0.0,0,Not applicable,,,Not applicable,,Not applicable,,,10018890,,Not applicable,,0,Not applicable,24-03-2021,2 New Change,,,London,,EC4M 9AD,http://www.spcslondon.com,2072485156,,,,Headteacher,Not applicable,,,,Not applicable,,Not applicable,Not applicable,Not applicable,,,Not applicable,Not approved,,,,,,,,,,,,,,,,,,,H,London,E09000001,City of London,E05009293,Bread Street,E14000639,Cities of London and Westminster,A1,(England/Wales) Urban major conurbation,E09000001,532160,181151,,City of London 001,City of London 001F,ISI,0,21,Has boarders,,999,,,,North-West London and South-Central England,,200000072075,,0,Not applicable,0,Not applicable,,,E02000001,E01032739
100003,201,City of London,6007,City of London School,11,Other independent school,3,Independent schools,1,Open,0,Not applicable,01-01-1919,0,Not applicable,,0,Not applicable,10,18,1,No boarders,No Nursery Classes,1,Has a sixth form,1,Boys,6,None,None,0,Not applicable,0,Not applicable,1040,2,No Special Classes,16-01-2020,948,948,0,0,0,Not applicable,,,Not applicable,,Not applicable,,,10008165,,Not applicable,,0,Not applicable,13-04-2021,107 Queen Victoria Street,,,London,,EC4V 3AL,http://www.cityoflondonschool.org.uk,2036806300,,,,Head,Not applicable,,,,Not applicable,,Not applicable,Not applicable,Not applicable,,,Not applicable,Not approved,,,,,,,,,,,,,,,,,,,H,London,E09000001,City of London,E05009309,Queenhithe,E14000639,Cities of London and Westminster,A1,(England/Wales) Urban major conurbation,E09000001,531981,180844,,City of London 001,City of London 001F,ISI,0,87,Does not have boarders,City of London Corporation,999,,,,North-West London and South-Central England,,100022936607,,0,Not applicable,0,Not applicable,,,E02000001,E01032739
100004,202,Camden,1045,Sherborne Nursery School,15,Local authority nursery school,4,Local authority maintained schools,2,Closed,0,Not applicable,,0,Not applicable,31-08-1992,1,Nursery,3,5,1,No boarders,Not applicable,0,Not applicable,3,Mixed,0,Does not apply,Does not apply,0,Not applicable,0,Not applicable,,0,Not applicable,,,,,,0,Not applicable,,,Not applicable,,Not under a federation,,,,,Not applicable,,0,Not applicable,24-09-2015,Priestly House,Athlone Street,,London,,NW5 4LP,,,,,,Headteacher,Not applicable,,,,Not applicable,,Not applicable,Not applicable,Not applicable,,,Not applicable,Not applicable,,,,,,,,,,,,,,,,,,,H,London,E09000007,Camden,E05000136,Haverstock,E14000750,Holborn and St Pancras,A1,(England/Wales) Urban major conurbation,E09000007,528515,184869,,Camden 007,Camden 007D,,,,,,999,,,,North-West London and South-Central England,,200163898,,0,Not applicable,0,Not applicable,,,E02000172,E01000901
100005,202,Camden,1048,Thomas Coram Centre,15,Local authority nursery school,4,Local authority maintained schools,1,Open,0,Not applicable,,0,Not applicable,,1,Nursery,3,5,1,No boarders,Has Nursery Classes,0,Not applicable,3,Mixed,0,Does not apply,Does not apply,0,Not applicable,0,Not applicable,,0,Not applicable,16-01-2020,131,68,63,30.8,0,Not applicable,,,Not applicable,,Not under a federation,,,,,Not applicable,06-03-2019,0,Not applicable,03-08-2020,49 Mecklenburgh Square,,,London,,WC1N 2NY,http://www.thomascoram.camden.sch.uk/,2075200385,,,,Head Teacher,Not applicable,,,,Not applicable,,Not applicable,Not applicable,Not applicable,,,Not applicable,Not applicable,,,,,,,,,,,,,,,,,,,H,London,E09000007,Camden,E05000141,King's Cross,E14000750,Holborn and St Pancras,A1,(England/Wales) Urban major conurbation,E09000007,530464,182403,,Camden 025,Camden 025B,,,,,,999,,,Outstanding,North-West London and South-Central England,,5088037,,0,Not applicable,0,Not applicable,,,E02000190,E01000937
100006,202,Camden,1100,CCfL Key Stage 4 PRU,14,Pupil referral unit,4,Local authority maintained schools,1,Open,0,Not applicable,01-09-1999,0,Not applicable,,0,Not applicable,14,16,1,No boarders,Not applicable,0,Not applicable,3,Mixed,0,Does not apply,Does not apply,0,Not applicable,0,Not applicable,,0,Not applicable,16-01-2020,53,34,19,64.2,0,Not applicable,,,Not applicable,,Not applicable,,,10016665,,Not applicable,29-11-2017,0,Not applicable,23-03-2021,Agincourt Road,,,London,,NW3 2NY,http://ccfl.camden.sch.uk,2079748906,,,,Headteacher,Not applicable,,,,Does not provide places for Teen Mothers,,Does not have child care facilities,PRU Does have Provision for SEN,PRU Does have EBD provision,,PRU offers full time provision,Does not offer tuition by another provider,Not applicable,,,,,,,,,,,,,,,,,,,H,London,E09000007,Camden,E05000134,Gospel Oak,E14000750,Holborn and St Pancras,A1,(England/Wales) Urban major conurbation,E09000007,527663,185479,,Camden 006,Camden 006B,,,,,,999,,,Good,North-West London and South-Central England,,5109310,,0,Not applicable,0,Not applicable,,,E02000171,E01000887
100007,202,Camden,1101,Camden Primary Pupil Referral Unit,14,Pupil referral unit,4,Local authority maintained schools,1,Open,0,Not applicable,,0,Not applicable,,0,Not applicable,5,11,1,No boarders,Not applicable,0,Not applicable,3,Mixed,0,Does not apply,Does not apply,0,Not applicable,0,Not applicable,20,0,Not applicable,16-01-2020,18,14,4,83.3,0,Not applicable,,,Not applicable,,Not applicable,,,10077053,,Not applicable,15-05-2018,0,Not applicable,21-03-2021,"Robson House, Netley Campus",74 Stanhope Street,,London,,NW1 3EX,http://www.robsonhouse.org.uk/main/,2037720370,,,,Executive Head,Not applicable,,,,Not applicable,,Not applicable,PRU Does have Provision for SEN,PRU Does have EBD provision,,PRU offers full time provision,Not applicable,Not applicable,"SEMH - Social, Emotional and Mental Health",,,,,,,,,,,,,SEN unit,,,20,20,H,London,E09000007,Camden,E05000142,Regent's Park,E14000750,Holborn and St Pancras,A1,(England/Wales) Urban major conurbation,E09000007,529082,182617,,Camden 023,Camden 023B,,,,,,999,,,Good,North-West London and South-Central England,,10091911459,,0,Not applicable,0,Not applicable,,,E02000188,E01000945
100008,202,Camden,2019,Argyle Primary School,1,Community school,4,Local authority maintained schools,1,Open,0,Not applicable,,0,Not applicable,,2,Primary,3,11,1,No boarders,Has Nursery Classes,2,Does not have a sixth form,3,Mixed,0,Does not apply,Does not apply,0,Not applicable,0,Not applicable,432,2,No Special Classes,16-01-2020,351,160,191,43.3,0,Not applicable,,,Not applicable,,Not under a federation,,,10078065,,Not applicable,30-01-2019,0,Not applicable,06-04-2021,Tonbridge Street,,,London,,WC1H 9EG,http://www.argyle.camden.sch.uk/,2078374590,,,,Headteacher,Not applicable,,,,Not applicable,,Not applicable,Not applicable,Not applicable,,,Not applicable,Not applicable,,,,,,,,,,,,,,,,,,,H,London,E09000007,Camden,E05000141,King's Cross,E14000750,Holborn and St Pancras,A1,(England/Wales) Urban major conurbation,E09000007,530238,182761,,Camden 025,Camden 025C,,,,,,999,,,Good,North-West London and South-Central England,,5090707,,0,Not applicable,0,Not applicable,,,E02000190,E01000941
100009,202,Camden,2036,Beckford Primary School,1,Community school,4,Local authority maintained schools,1,Open,0,Not applicable,,0,Not applicable,,2,Primary,3,11,1,No boarders,Has Nursery Classes,2,Does not have a sixth form,3,Mixed,0,Does not apply,Does not apply,0,Not applicable,0,Not applicable,459,2,No Special Classes,16-01-2020,415,226,189,33.5,0,Not applicable,,,Not applicable,,Not under a federation,,,10077183,,Not applicable,24-01-2017,0,Not applicable,19-04-2021,Dornfell Street,West Hampstead,,London,,NW6 1QL,http://www.beckford.camden.sch.uk/,2074358646,,,,Headteacher,Not applicable,,,,Not applicable,,Not applicable,Not applicable,Not applicable,,,Not applicable,Not applicable,,,,,,,,,,,,,,,,,,,H,London,E09000007,Camden,E05000132,Fortune Green,E14000727,Hampstead and Kilburn,A1,(England/Wales) Urban major conurbation,E09000007,524888,185067,,Camden 005,Camden 005C,,,,,,999,,,Good,North-West London and South-Central England,,5090655,,0,Not applicable,0,Not applicable,,,E02000170,E01000873
100010,202,Camden,2065,Brecknock Primary School,1,Community school,4,Local authority maintained schools,1,Open,0,Not applicable,,0,Not applicable,,2,Primary,2,11,1,No boarders,Has Nursery Classes,2,Does not have a sixth form,3,Mixed,0,Does not apply,Does not apply,0,Not applicable,0,Not applicable,583,2,No Special Classes,16-01-2020,387,206,181,38.7,0,Not applicable,,,Not applicable,,Not under a federation,,,10073852,,Not applicable,22-11-2017,0,Not applicable,20-05-2021,Cliff Villas,Camden,,London,,NW1 9AL,http://www.brecknock.camden.sch.uk/,2074856334,,,,Headteacher,Not applicable,,,,Not applicable,,Not applicable,Not applicable,Not applicable,,,Not applicable,Not applicable,,,,,,,,,,,,,,,,,,,H,London,E09000007,Camden,E05000131,Cantelowes,E14000750,Holborn and St Pancras,A1,(England/Wales) Urban major conurbation,E09000007,529912,184835,,Camden 015,Camden 015E,,,,,,999,,,Good,North-West London and South-Central England,,5090625,,0,Not applicable,0,Not applicable,,,E02000180,E01000869
100011,202,Camden,2078,Brookfield Primary School,1,Community school,4,Local authority maintained schools,1,Open,0,Not applicable,,0,Not applicable,,2,Primary,3,11,1,No boarders,Has Nursery Classes,2,Does not have a sixth form,3,Mixed,0,Does not apply,Does not apply,0,Not applicable,0,Not applicable,459,2,No Special Classes,16-01-2020,423,218,205,17.5,0,Not applicable,,,Not applicable,,Not under a federation,,,10078064,,Not applicable,19-04-2018,0,Not applicable,14-05-2021,Chester Road,,,London,,N19 5DH,http://www.brookfield.camden.sch.uk/,2072729627,,,,Headteacher,Not applicable,,,,Not applicable,,Not applicable,Not applicable,Not applicable,,,Not applicable,Not applicable,,,,,,,,,,,,,,,,,,,H,London,E09000007,Camden,E05000137,Highgate,E14000750,Holborn and St Pancras,A1,(England/Wales) Urban major conurbation,E09000007,528706,186594,,Camden 001,Camden 001B,,,,,,999,,,Good,North-West London and South-Central England,,5109551,,0,Not applicable,0,Not applicable,,,E02000166,E01000908
100012,202,Camden,2095,Carlton Primary School,1,Community school,4,Local authority maintained schools,3,"Open, but proposed to close",0,Not applicable,,1,Result of Amalgamation/Merger,31-08-2021,2,Primary,3,11,1,No boarders,Has Nursery Classes,2,Does not have a sixth form,3,Mixed,0,Does not apply,Does not apply,0,Not applicable,0,Not applicable,436,2,No Special Classes,16-01-2020,259,138,121,50.6,0,Not applicable,,,Not applicable,,Not under a federation,,,10078063,,Not applicable,29-01-2019,0,Not applicable,20-04-2021,Grafton Road,,,London,,NW5 4AX,http://www.carlton.camden.sch.uk/,2074851947,,,,Headteacher,Not applicable,,,,Not applicable,,Not applicable,Not applicable,Not applicable,,,Not applicable,Not applicable,,,,,,,,,,,,,,Not applicable,,,,,H,London,E09000007,Camden,E05000134,Gospel Oak,E14000750,Holborn and St Pancras,A1,(England/Wales) Urban major conurbation,E09000007,528386,185209,,Camden 007,Camden 007C,,,,,,999,,,Good,North-West London and South-Central England,,5069952,,0,Not applicable,0,Not applicable,,,E02000172,E01000891
100013,202,Camden,2184,Edith Neville Primary School,1,Community school,4,Local authority maintained schools,1,Open,0,Not applicable,,0,Not applicable,,2,Primary,3,11,1,No boarders,Has Nursery Classes,2,Does not have a sixth form,3,Mixed,0,Does not apply,Does not apply,0,Not applicable,0,Not applicable,232,2,No Special Classes,16-01-2020,197,98,99,36.5,0,Not applicable,,,Not applicable,,Not under a federation,,,10078062,,Not applicable,05-06-2018,0,Not applicable,07-04-2021,174 Ossulston Street,,,London,,NW1 1DN,http://www.edithneville.camden.sch.uk/,2073877158,,,,Acting Headteacher,Not applicable,,,,Not applicable,,Not applicable,Not applicable,Not applicable,,,Not applicable,Not applicable,,,,,,,,,,,,,,,,,,,H,London,E09000007,Camden,E05000143,St Pancras and Somers Town,E14000750,Holborn and St Pancras,A1,(England/Wales) Urban major conurbation,E09000007,529725,183195,,Camden 022,Camden 022B,,,,,,999,,,Good,North-West London and South-Central England,,5018016,,0,Not applicable,0,Not applicable,,,E02000187,E01000953
100014,202,Camden,2219,Fleet Primary School,1,Community school,4,Local authority maintained schools,1,Open,0,Not applicable,,0,Not applicable,,2,Primary,3,11,1,No boarders,Has Nursery Classes,2,Does not have a sixth form,3,Mixed,0,Does not apply,Does not apply,0,Not applicable,0,Not applicable,210,2,No Special Classes,16-01-2020,222,101,121,32,0,Not applicable,,,Not applicable,,Not under a federation,,,10078061,,Not applicable,25-01-2017,0,Not applicable,09-03-2021,Fleet Road,,,London,,NW3 2QT,http://www.fleet.camden.sch.uk/,2074852028,,,,Headteacher,Not applicable,,,,Not applicable,,Not applicable,Not applicable,Not applicable,,,Not applicable,Not applicable,,,,,,,,,,,,,,,,,,,H,London,E09000007,Camden,E05000134,Gospel Oak,E14000750,Holborn and St Pancras,A1,(England/Wales) Urban major conurbation,E09000007,527677,185424,,Camden 006,Camden 006B,,,,,,999,,,Good,North-West London and South-Central England,,5090740,,0,Not applicable,0,Not applicable,,,E02000171,E01000887
100015,202,Camden,2290,Hawley Primary School,1,Community school,4,Local authority maintained schools,1,Open,0,Not applicable,,0,Not applicable,,2,Primary,3,11,1,No boarders,Has Nursery Classes,2,Does not have a sixth form,3,Mixed,0,Does not apply,Does not apply,0,Not applicable,0,Not applicable,236,2,No Special Classes,16-01-2020,223,122,101,25.1,0,Not applicable,,,Not applicable,,Not under a federation,,,10075421,,Not applicable,28-02-2019,0,Not applicable,13-04-2021,Hawley Road,,,London,,NW1 8RP,http://www.hawley.camden.sch.uk/,2074855020,,,,Headteacher,Not applicable,,,,Not applicable,,Not applicable,Not applicable,Not applicable,,,Not applicable,Not applicable,,,,,,,,,,,,,,,,,,,H,London,E09000007,Camden,E05000130,Camden Town with Primrose Hill,E14000750,Holborn and St Pancras,A1,(England/Wales) Urban major conurbation,E09000007,528886,184273,,Camden 019,Camden 019A,,,,,,999,,,Good,North-West London and South-Central England,,5185814,,0,Not applicable,0,Not applicable,,,E02000184,E01000856
100016,202,Camden,2357,Kingsgate Junior School,1,Community school,4,Local authority maintained schools,2,Closed,0,Not applicable,,1,Result of Amalgamation/Merger,31-08-2000,2,Primary,7,11,1,No boarders,No Nursery Classes,0,Not applicable,3,Mixed,0,Does not apply,Does not apply,0,Not applicable,0,Not applicable,,2,No Special Classes,,,,,,0,Not applicable,,,Not applicable,,Not under a federation,,,,,Not applicable,,0,Not applicable,14-11-2018,Messina Avenue,,,London,,NW6 4LB,,,,,,Headteacher,Not applicable,,,,Not applicable,,Not applicable,Not applicable,Not applicable,,,Not applicable,Not applicable,,,,,,,,,,,,,,,,,,,H,London,E09000007,Camden,E05000140,Kilburn,E14000727,Hampstead and Kilburn,A1,(England/Wales) Urban major conurbation,E09000007,525140,184253,,Camden 013,Camden 013C,,,,,,999,,,,North-West London and South-Central England,,5090693,,0,Not applicable,0,Not applicable,,,E02000178,E01000931
100017,202,Camden,2358,Kingsgate Infant School,1,Community school,4,Local authority maintained schools,2,Closed,0,Not applicable,,1,Result of Amalgamation/Merger,31-08-2000,2,Primary,3,7,1,No boarders,Has Nursery Classes,0,Not applicable,3,Mixed,0,Does not apply,Does not apply,0,Not applicable,0,Not applicable,,2,No Special Classes,,,,,,0,Not applicable,,,Not applicable,,Not under a federation,,,,,Not applicable,,0,Not applicable,14-11-2018,Kingsgate Road,,,London,,NW6 2JG,,,,,,Headteacher,Not applicable,,,,Not applicable,,Not applicable,Not applicable,Not applicable,,,Not applicable,Not applicable,,,,,,,,,,,,,,,,,,,H,London,E09000007,Camden,E05000140,Kilburn,E14000727,Hampstead and Kilburn,A1,(England/Wales) Urban major conurbation,E09000007,525140,184253,,Camden 013,Camden 013C,,,,,,999,,,,North-West London and South-Central England,,,,0,Not applicable,0,Not applicable,,,E02000178,E01000931
100018,202,Camden,2436,Netley Primary School & Centre for Autism,1,Community school,4,Local authority maintained schools,1,Open,0,Not applicable,,0,Not applicable,,2,Primary,2,11,1,No boarders,Has Nursery Classes,2,Does not have a sixth form,3,Mixed,0,Does not apply,Does not apply,0,Not applicable,0,Not applicable,476,1,Has Special Classes,16-01-2020,409,218,191,47.5,0,Not applicable,,,Not applicable,,Not under a federation,,,10069172,,Not applicable,31-10-2018,0,Not applicable,11-03-2021,74 Stanhope Street,,,London,,NW1 3EX,www.netley.camden.sch.uk/,2037720350,,,,Executive Headteacher,Not applicable,,,,Not applicable,,Not applicable,Not applicable,Not applicable,,,Not applicable,Not applicable,ASD - Autistic Spectrum Disorder,,,,,,,,,,,,,Resourced provision and SEN unit,24,24,24,24,H,London,E09000007,Camden,E05000142,Regent's Park,E14000750,Holborn and St Pancras,A1,(England/Wales) Urban major conurbation,E09000007,529095,182598,,Camden 023,Camden 023B,,,,,,999,,,Good,North-West London and South-Central England,,5172210,,0,Not applicable,0,Not applicable,,,E02000188,E01000945
100019,202,Camden,2438,New End Primary School,1,Community school,4,Local authority maintained schools,1,Open,0,Not applicable,,0,Not applicable,,2,Primary,3,11,1,No boarders,Has Nursery Classes,2,Does not have a sixth form,3,Mixed,0,Does not apply,Does not apply,0,Not applicable,0,Not applicable,435,2,No Special Classes,16-01-2020,366,187,179,17.5,0,Not applicable,,,Not applicable,,Not under a federation,,,10078060,,Not applicable,12-12-2017,0,Not applicable,17-05-2021,Streatley Place,Hampstead,,London,,NW3 1HU,http://www.newend.camden.sch.uk/,2074310961,,,,Headteacher,Not applicable,,,,Not applicable,,Not applicable,Not applicable,Not applicable,,,Not applicable,Not applicable,,,,,,,,,,,,,,,,,,,H,London,E09000007,Camden,E05000135,Hampstead Town,E14000727,Hampstead and Kilburn,A1,(England/Wales) Urban major conurbation,E09000007,526483,185916,,Camden 002,Camden 002C,,,,,,999,,,Good,North-West London and South-Central England,,5090648,,0,Not applicable,0,Not applicable,,,E02000167,E01000895
100020,202,Camden,2475,Primrose Hill School,1,Community school,4,Local authority maintained schools,1,Open,0,Not applicable,,0,Not applicable,,2,Primary,2,11,1,No boarders,Has Nursery Classes,2,Does not have a sixth form,3,Mixed,0,Does not apply,Does not apply,0,Not applicable,0,Not applicable,483,2,No Special Classes,16-01-2020,466,232,234,27.3,0,Not applicable,,,Not applicable,,Not under a federation,,,10073851,,Not applicable,05-06-2009,0,Not applicable,20-04-2021,Princess Road,,,London,,NW1 8JL,http://www.primrosehill.camden.sch.uk/,2077228500,,,,Headteacher,Not applicable,,,,Not applicable,,Not applicable,Not applicable,Not applicable,,,Not applicable,Not applicable,ASD - Autistic Spectrum Disorder,,,,,,,,,,,,,Resourced provision,4,4,,,H,London,E09000007,Camden,E05000130,Camden Town with Primrose Hill,E14000750,Holborn and St Pancras,A1,(England/Wales) Urban major conurbation,E09000007,528304,183909,,Camden 018,Camden 018E,,,,,,999,,,Outstanding,North-West London and South-Central England,,5082685,,0,Not applicable,0,Not applicable,,,E02000183,E01000862
100021,202,Camden,2502,Rhyl Primary School,1,Community school,4,Local authority maintained schools,1,Open,0,Not applicable,,0,Not applicable,,2,Primary,3,11,1,No boarders,Has Nursery Classes,2,Does not have a sixth form,3,Mixed,0,Does not apply,Does not apply,0,Not applicable,0,Not applicable,420,2,No Special Classes,16-01-2020,347,173,174,46.4,0,Not applicable,,,Not applicable,,Not under a federation,,,10077182,,Not applicable,24-01-2017,0,Not applicable,27-04-2021,Rhyl Street,,,London,,NW5 3HB,www.rhylprim.camden.sch.uk/,2074854899,,,,Headteacher,Not applicable,,,,Not applicable,,Not applicable,Not applicable,Not applicable,,,Not applicable,Not applicable,"SLCN - Speech, language and Communication",,,,,,,,,,,,,Resourced provision,,,,,H,London,E09000007,Camden,E05000136,Haverstock,E14000750,Holborn and St Pancras,A1,(England/Wales) Urban major conurbation,E09000007,528334,184823,,Camden 012,Camden 012A,,,,,,999,,,Good,North-West London and South-Central England,,5082509,,0,Not applicable,0,Not applicable,,,E02000177,E01000900
100022,202,Camden,2507,Richard Cobden Primary School,1,Community school,4,Local authority maintained schools,1,Open,0,Not applicable,,0,Not applicable,,2,Primary,3,11,1,No boarders,Has Nursery Classes,2,Does not have a sixth form,3,Mixed,0,Does not apply,Does not apply,0,Not applicable,0,Not applicable,420,2,No Special Classes,16-01-2020,409,203,206,40.6,0,Not applicable,,,Not applicable,,Not under a federation,,,10078059,,Not applicable,17-10-2019,0,Not applicable,11-03-2021,Camden Street,,,London,,NW1 0LL,http://www.rcobden.camden.sch.uk/,2073875909,,,,Headteacher,Not applicable,,,,Not applicable,,Not applicable,Not applicable,Not applicable,,,Not applicable,Not applicable,,,,,,,,,,,,,,,,,,,H,London,E09000007,Camden,E05000143,St Pancras and Somers Town,E14000750,Holborn and St Pancras,A1,(England/Wales) Urban major conurbation,E09000007,529342,183487,,Camden 019,Camden 019E,,,,,,999,,,Outstanding,North-West London and South-Central England,,5120658,,0,Not applicable,0,Not applicable,,,E02000184,E01000959
100023,202,Camden,2603,Torriano Primary School,1,Community school,4,Local authority maintained schools,1,Open,0,Not applicable,,0,Not applicable,,2,Primary,3,11,1,No boarders,Has Nursery Classes,2,Does not have a sixth form,3,Mixed,0,Does not apply,Does not apply,0,Not applicable,0,Not applicable,459,2,No Special Classes,16-01-2020,449,250,199,30.7,0,Not applicable,,,Not applicable,,Not under a federation,,,10077181,,Not applicable,19-09-2018,0,Not applicable,04-05-2021,Torriano Avenue,Kentish Town,,London,,NW5 2SJ,http://www.torriano.camden.sch.uk/,2074240202,,,,Headteacher,Not applicable,,,,Not applicable,,Not applicable,Not applicable,Not applicable,,,Not applicable,Not applicable,"SLCN - Speech, language and Communication",,,,,,,,,,,,,Resourced provision,10,16,,,H,London,E09000007,Camden,E05000139,Kentish Town,E14000750,Holborn and St Pancras,A1,(England/Wales) Urban major conurbation,E09000007,529559,185072,,Camden 009,Camden 009E,,,,,,999,,,Outstanding,North-West London and South-Central England,,5090649,,0,Not applicable,0,Not applicable,,,E02000174,E01000926
100024,202,Camden,2604,Torriano Infant School,1,Community school,4,Local authority maintained schools,2,Closed,0,Not applicable,,1,Result of Amalgamation/Merger,11-09-2015,2,Primary,3,7,1,No boarders,Has Nursery Classes,2,Does not have a sixth form,3,Mixed,0,Does not apply,Does not apply,0,Not applicable,0,Not applicable,190,2,No Special Classes,,,,,,0,Not applicable,,,Not applicable,,Not under a federation,,,,,Not applicable,,0,Not applicable,14-11-2018,Torriano Avenue,,,London,,NW5 2SJ,http://www.torrianoinf.camden.sch.uk/,,,,,Headteacher,Not applicable,,,,Not applicable,,Not applicable,Not applicable,Not applicable,,,Not applicable,Not applicable,,,,,,,,,,,,,,,,,,,H,London,E09000007,Camden,E05000139,Kentish Town,E14000750,Holborn and St Pancras,A1,(England/Wales) Urban major conurbation,E09000007,529559,185072,,Camden 009,Camden 009E,,,,,,999,,,,North-West London and South-Central England,,5090649,,0,Not applicable,0,Not applicable,,,E02000174,E01000926
100025,202,Camden,2775,Gospel Oak Primary School,1,Community school,4,Local authority maintained schools,1,Open,0,Not applicable,,0,Not applicable,,2,Primary,3,11,1,No boarders,Has Nursery Classes,2,Does not have a sixth form,3,Mixed,0,Does not apply,Does not apply,0,Not applicable,0,Not applicable,472,2,No Special Classes,16-01-2020,467,232,235,28.7,0,Not applicable,,,Not applicable,,Not under a federation,,,10078058,,Not applicable,28-01-2016,0,Not applicable,07-05-2021,Mansfield Road,,,London,,NW3 2JB,www.gospeloak.camden.sch.uk,2074857435,,,,Headteacher,Not applicable,,,,Not applicable,,Not applicable,Not applicable,Not applicable,,,Not applicable,Not applicable,,,,,,,,,,,,,,,,,,,H,London,E09000007,Camden,E05000134,Gospel Oak,E14000750,Holborn and St Pancras,A1,(England/Wales) Urban major conurbation,E09000007,528230,185638,,Camden 006,Camden 006A,,,,,,999,,,Outstanding,North-West London and South-Central England,,5090676,,0,Not applicable,0,Not applicable,,,E02000171,E01000886
100026,202,Camden,2797,Fitzjohn's Primary School,1,Community school,4,Local authority maintained schools,1,Open,0,Not applicable,,0,Not applicable,,2,Primary,3,11,1,No boarders,Has Nursery Classes,2,Does not have a sixth form,3,Mixed,0,Does not apply,Does not apply,0,Not applicable,0,Not applicable,210,2,No Special Classes,16-01-2020,231,109,122,5.2,0,Not applicable,,,Not applicable,,Not under a federation,,,10079731,,Not applicable,04-12-2018,0,Not applicable,31-03-2021,86A Fitzjohn's Avenue,,,London,,NW3 6NP,http://www.fitzjohns.camden.sch.uk/,2074359797,,,,Headteacher,Not applicable,,,,Not applicable,,Not applicable,Not applicable,Not applicable,,,Not applicable,Not applicable,,,,,,,,,,,,,,,,,,,H,London,E09000007,Camden,E05000135,Hampstead Town,E14000727,Hampstead and Kilburn,A1,(England/Wales) Urban major conurbation,E09000007,526566,185411,,Camden 008,Camden 008D,,,,,,999,,,Good,North-West London and South-Central England,,5076981,,0,Not applicable,0,Not applicable,,,E02000173,E01000897
100027,202,Camden,2841,Eleanor Palmer Primary School,1,Community school,4,Local authority maintained schools,1,Open,0,Not applicable,,0,Not applicable,,2,Primary,3,11,1,No boarders,Has Nursery Classes,2,Does not have a sixth form,3,Mixed,0,Does not apply,Does not apply,0,Not applicable,0,Not applicable,236,2,No Special Classes,16-01-2020,235,102,133,8.9,0,Not applicable,,,Not applicable,,Not under a federation,,,10078057,,Not applicable,19-10-2011,0,Not applicable,11-05-2021,Lupton Street,Tufnell Park,,London,,NW5 2JA,http://www.eleanorpalmer.camden.sch.uk/,2074852155,,,,Headteacher,Not applicable,,,,Not applicable,,Not applicable,Not applicable,Not applicable,,,Not applicable,Not applicable,,,,,,,,,,,,,,,,,,,H,London,E09000007,Camden,E05000139,Kentish Town,E14000750,Holborn and St Pancras,A1,(England/Wales) Urban major conurbation,E09000007,529117,185613,,Camden 003,Camden 003C,,,,,,999,,,Outstanding,North-West London and South-Central England,,5090678,,0,Not applicable,0,Not applicable,,,E02000168,E01000921
100028,202,Camden,3323,"Christ Church Primary School, Hampstead",2,Voluntary aided school,4,Local authority maintained schools,1,Open,0,Not applicable,,0,Not applicable,,2,Primary,4,11,1,No boarders,No Nursery Classes,2,Does not have a sixth form,3,Mixed,2,Church of England,Does not apply,CE23,Diocese of London,0,Not applicable,196,2,No Special Classes,16-01-2020,190,100,90,2.6,0,Not applicable,,,Not applicable,,Not under a federation,,,10074742,,Not applicable,30-04-2009,0,Not applicable,11-05-2021,Christ Church Hill,,,London,,NW3 1JH,http://www.christchurchschool.co.uk/,2074351361,,,,Headteacher,Not applicable,,,,Not applicable,,Not applicable,Not applicable,Not applicable,,,Not applicable,Not applicable,,,,,,,,,,,,,,,,,,,H,London,E09000007,Camden,E05000135,Hampstead Town,E14000727,Hampstead and Kilburn,A1,(England/Wales) Urban major conurbation,E09000007,526518,186095,,Camden 002,Camden 002E,,,,,,999,,,Outstanding,North-West London and South-Central England,,5090616,,0,Not applicable,0,Not applicable,,,E02000167,E01000899
100029,202,Camden,3327,Christ Church School,2,Voluntary aided school,4,Local authority maintained schools,1,Open,0,Not applicable,,0,Not applicable,,2,Primary,3,11,1,No boarders,Has Nursery Classes,2,Does not have a sixth form,3,Mixed,2,Church of England,Does not apply,CE23,Diocese of London,0,Not applicable,210,2,No Special Classes,16-01-2020,210,106,104,35.3,0,Not applicable,,,Not applicable,,Not under a federation,,,10079318,,Not applicable,24-01-2017,0,Not applicable,03-02-2021,Redhill Street,Camden,,London,,NW1 4BD,http://www.cchurchnw1.camden.sch.uk,2073877881,,,,Headteacher,Not applicable,,,,Not applicable,,Not applicable,Not applicable,Not applicable,,,Not applicable,Not applicable,,,,,,,,,,,,,,,,,,,H,London,E09000007,Camden,E05000142,Regent's Park,E14000750,Holborn and St Pancras,A1,(England/Wales) Urban major conurbation,E09000007,528821,182991,,Camden 023,Camden 023C,,,,,,999,,,Good,North-West London and South-Central England,,5090641,,0,Not applicable,0,Not applicable,,,E02000188,E01000949
100030,202,Camden,3340,Emmanuel Church of England Primary School,2,Voluntary aided school,4,Local authority maintained schools,1,Open,0,Not applicable,,0,Not applicable,,2,Primary,3,11,1,No boarders,Has Nursery Classes,2,Does not have a sixth form,3,Mixed,2,Church of England,Does not apply,CE23,Diocese of London,0,Not applicable,236,2,No Special Classes,16-01-2020,236,119,117,8.2,0,Not applicable,,,Not applicable,,Not under a federation,,,10079317,,Not applicable,16-01-2019,0,Not applicable,21-04-2021,152-158 Mill Lane,West Hampstead,,London,,NW6 1TF,http://www.emmanuel.camden.sch.uk/,2074317984,,,,Headteacher,Not applicable,,,,Not applicable,,Not applicable,Not applicable,Not applicable,,,Not applicable,Not applicable,,,,,,,,,,,,,,,,,,,H,London,E09000007,Camden,E05000145,West Hampstead,E14000727,Hampstead and Kilburn,A1,(England/Wales) Urban major conurbation,E09000007,525336,185264,,Camden 010,Camden 010B,,,,,,999,,,Good,North-West London and South-Central England,,5167368,,0,Not applicable,0,Not applicable,,,E02000175,E01000970
100031,202,Camden,3352,Hampstead Parochial Church of England Primary School,2,Voluntary aided school,4,Local authority maintained schools,1,Open,0,Not applicable,,0,Not applicable,,2,Primary,4,11,1,No boarders,No Nursery Classes,2,Does not have a sixth form,3,Mixed,2,Church of England,Does not apply,CE23,Diocese of London,0,Not applicable,240,2,No Special Classes,16-01-2020,233,109,124,7.3,0,Not applicable,,,Not applicable,,Not under a federation,,,10074741,,Not applicable,18-06-2019,0,Not applicable,14-05-2021,"Hampstead Parochial School , Holly Bush Vale",Hampstead,,London,,NW3 6TX,http://www.hampsteadprim.camden.sch.uk/,2074354135,,,,,Not applicable,,,,Not applicable,,Not applicable,Not applicable,Not applicable,,,Not applicable,Not applicable,,,,,,,,,,,,,,,,,,,H,London,E09000007,Camden,E05000133,Frognal and Fitzjohns,E14000727,Hampstead and Kilburn,A1,(England/Wales) Urban major conurbation,E09000007,526301,185733,,Camden 004,Camden 004B,,,,,,999,,,Good,North-West London and South-Central England,,5109927,,0,Not applicable,0,Not applicable,,,E02000169,E01000879
100032,202,Camden,3359,"Holy Trinity CofE Primary School, NW3",2,Voluntary aided school,4,Local authority maintained schools,1,Open,0,Not applicable,,0,Not applicable,,2,Primary,4,11,1,No boarders,No Nursery Classes,2,Does not have a sixth form,3,Mixed,2,Church of England,Does not apply,CE23,Diocese of London,0,Not applicable,189,2,No Special Classes,16-01-2020,182,87,95,41.2,0,Not applicable,,,Not applicable,,Not under a federation,,,10074740,,Not applicable,20-03-2018,0,Not applicable,25-03-2021,Trinity Walk,Maresfield Gardens,,London,,NW3 5SQ,www.holytrinitynw3.co.uk,2074359089,,,,Headteacher,Not applicable,,,,Not applicable,,Not applicable,Not applicable,Not applicable,,,Not applicable,Not applicable,,,,,,,,,,,,,,Not applicable,,,,,H,London,E09000007,Camden,E05000133,Frognal and Fitzjohns,E14000727,Hampstead and Kilburn,A1,(England/Wales) Urban major conurbation,E09000007,526445,184601,,Camden 008,Camden 008C,,,,,,999,,,Good,North-West London and South-Central England,,5090704,,0,Not applicable,0,Not applicable,,,E02000173,E01000883
100033,202,Camden,3361,"Holy Trinity and Saint Silas CofE Primary School, NW1",2,Voluntary aided school,4,Local authority maintained schools,1,Open,0,Not applicable,,0,Not applicable,,2,Primary,4,11,1,No boarders,No Nursery Classes,2,Does not have a sixth form,3,Mixed,2,Church of England,Does not apply,CE23,Diocese of London,0,Not applicable,210,2,No Special Classes,16-01-2020,209,100,109,22,0,Not applicable,,,Not applicable,,Not under a federation,,,10074739,,Not applicable,14-03-2007,0,Not applicable,06-05-2021,Hartland Road,,,London,,NW1 8DE,http://www.holytrinitynw1.camden.sch.uk/,2072670771,,,,Headteacher,Not applicable,,,,Not applicable,,Not applicable,Not applicable,Not applicable,,,Not applicable,Not applicable,,,,,,,,,,,,,,Not applicable,,,,,H,London,E09000007,Camden,E05000130,Camden Town with Primrose Hill,E14000750,Holborn and St Pancras,A1,(England/Wales) Urban major conurbation,E09000007,528675,184432,,Camden 019,Camden 019A,,,,,,999,,,Outstanding,North-West London and South-Central England,,5090684,,0,Not applicable,0,Not applicable,,,E02000184,E01000856
100034,202,Camden,3370,Kentish Town Church of England Primary School,2,Voluntary aided school,4,Local authority maintained schools,1,Open,0,Not applicable,,0,Not applicable,,2,Primary,3,11,1,No boarders,Has Nursery Classes,2,Does not have a sixth form,3,Mixed,2,Church of England,Does not apply,CE23,Diocese of London,0,Not applicable,236,1,Has Special Classes,16-01-2020,237,133,104,27.4,0,Not applicable,,,Not applicable,,Not under a federation,,,10069857,,Not applicable,08-12-2017,0,Not applicable,10-02-2021,Islip Street,,,London,,NW5 2TU,http://www.kentishtown.camden.sch.uk/,2074851279,,,,Headteacher,Not applicable,,,,Not applicable,,Not applicable,Not applicable,Not applicable,,,Not applicable,Not applicable,ASD - Autistic Spectrum Disorder,PD - Physical Disability,,,,,,,,,,,,Resourced provision,21,21,,,H,London,E09000007,Camden,E05000139,Kentish Town,E14000750,Holborn and St Pancras,A1,(England/Wales) Urban major conurbation,E09000007,529113,185066,,Camden 003,Camden 003C,,,,,,999,,,Outstanding,North-West London and South-Central England,,5090705,,0,Not applicable,0,Not applicable,,,E02000168,E01000921
100035,202,Camden,3391,Rosary Catholic Primary School,2,Voluntary aided school,4,Local authority maintained schools,1,Open,0,Not applicable,,0,Not applicable,,2,Primary,3,11,1,No boarders,Has Nursery Classes,2,Does not have a sixth form,3,Mixed,3,Roman Catholic,Does not apply,RC01,Archdiocese of Westminster,0,Not applicable,360,2,No Special Classes,16-01-2020,309,159,150,24.9,0,Not applicable,,,Not applicable,,Not under a federation,,,10076020,,Not applicable,07-02-2017,0,Not applicable,07-04-2021,238 Haverstock Hill,Hampstead,,London,,NW3 2AE,http://www.rosary.camden.sch.uk/,2077946292,,,,Headteacher,Not applicable,,,,Not applicable,,Not applicable,Not applicable,Not applicable,,,Not applicable,Not applicable,,,,,,,,,,,,,,Not applicable,,,,,H,London,E09000007,Camden,E05000135,Hampstead Town,E14000727,Hampstead and Kilburn,A1,(England/Wales) Urban major conurbation,E09000007,527199,185281,,Camden 008,Camden 008E,,,,,,999,,,Good,North-West London and South-Central England,,5105233,,0,Not applicable,0,Not applicable,,,E02000173,E01000898
100036,202,Camden,3398,St Alban's Church of England Primary School,2,Voluntary aided school,4,Local authority maintained schools,1,Open,0,Not applicable,,0,Not applicable,,2,Primary,3,11,1,No boarders,Has Nursery Classes,2,Does not have a sixth form,3,Mixed,2,Church of England,Does not apply,CE23,Diocese of London,0,Not applicable,236,2,No Special Classes,16-01-2020,198,93,105,34.3,0,Not applicable,,,Not applicable,,Not under a federation,,,10079316,,Not applicable,03-04-2019,0,Not applicable,06-05-2021,Baldwins Gardens,Holborn,,London,,EC1N 7SD,www.stalbanscamden.co.uk,2072428585,,,,Headteacher,Not applicable,,,,Not applicable,,Not applicable,Not applicable,Not applicable,,,Not applicable,Not applicable,,,,,,,,,,,,,,Not applicable,,,,,H,London,E09000007,Camden,E05000138,Holborn and Covent Garden,E14000750,Holborn and St Pancras,A1,(England/Wales) Urban major conurbation,E09000007,531156,181834,,Camden 027,Camden 027C,,,,,,999,,,Good,North-West London and South-Central England,,5090637,,0,Not applicable,0,Not applicable,,,E02000192,E01000917
100037,202,Camden,3400,St Aloysius Catholic Primary School,2,Voluntary aided school,4,Local authority maintained schools,2,Closed,0,Not applicable,01-01-1900,2,Closure,31-12-2019,2,Primary,3,11,1,No boarders,Has Nursery Classes,2,Does not have a sixth form,3,Mixed,3,Roman Catholic,Does not apply,RC01,Archdiocese of Westminster,0,Not applicable,450,2,No Special Classes,17-01-2019,260,138,122,34.6,0,Not applicable,,,Not applicable,,Not under a federation,,,10076019,,Not applicable,21-03-2018,0,Not applicable,07-01-2020,Aldenham Street,,,London,,NW1 1PS,http://www.acps.camden.sch.uk/,,,,,Executive Head,Not applicable,,,,Not applicable,,Not applicable,Not applicable,Not applicable,,,Not applicable,Not applicable,,,,,,,,,,,,,,,,,,,H,London,E09000007,Camden,E05000143,St Pancras and Somers Town,E14000750,Holborn and St Pancras,A1,(England/Wales) Urban major conurbation,E09000007,529505,183062,,Camden 022,Camden 022D,,,,,,999,,,Requires improvement,North-West London and South-Central England,,5090614,,0,Not applicable,0,Not applicable,,,E02000187,E01000955
100038,202,Camden,3401,St Aloysius Roman Catholic Infant School,2,Voluntary aided school,4,Local authority maintained schools,2,Closed,0,Not applicable,,1,Result of Amalgamation/Merger,31-12-2016,2,Primary,3,7,1,No boarders,Has Nursery Classes,2,Does not have a sixth form,3,Mixed,3,Roman Catholic,Does not apply,RC01,Archdiocese of Westminster,0,Not applicable,210,2,No Special Classes,,,,,,0,Not applicable,,,Not applicable,,Not under a federation,,,,,Not applicable,,0,Not applicable,14-11-2018,28 Phoenix Road,,,London,,NW1 1TA,http://www.staloysiusinf.camden.sch.uk/,,,,,Executive Head Teacher,Not applicable,,,,Not applicable,,Not applicable,Not applicable,Not applicable,,,Not applicable,Not applicable,,,,,,,,,,,,,,,,,,,H,London,E09000007,Camden,E05000143,St Pancras and Somers Town,E14000750,Holborn and St Pancras,A1,(England/Wales) Urban major conurbation,E09000007,529641,182910,,Camden 022,Camden 022D,,,,,,999,,,,North-West London and South-Central England,,5019560,,0,Not applicable,0,Not applicable,,,E02000187,E01000955
100039,202,Camden,3429,St Dominic's Catholic Primary School,2,Voluntary aided school,4,Local authority maintained schools,1,Open,0,Not applicable,,0,Not applicable,,2,Primary,3,11,1,No boarders,Has Nursery Classes,2,Does not have a sixth form,3,Mixed,3,Roman Catholic,Does not apply,RC01,Archdiocese of Westminster,0,Not applicable,336,2,No Special Classes,16-01-2020,186,85,101,42.5,0,Not applicable,,,Not applicable,,Not under a federation,,,10076018,,Not applicable,03-05-2018,0,Not applicable,11-05-2021,Southampton Road,,,London,,NW5 4JS,http://www.stdominics.camden.sch.uk/,2074855918,,,,Headteacher,Not applicable,,,,Not applicable,,Not applicable,Not applicable,Not applicable,,,Not applicable,Not applicable,,,,,,,,,,,,,,,,,,,H,London,E09000007,Camden,E05000134,Gospel Oak,E14000750,Holborn and St Pancras,A1,(England/Wales) Urban major conurbation,E09000007,527842,185252,,Camden 006,Camden 006D,,,,,,999,,,Good,North-West London and South-Central England,,5131187,,0,Not applicable,0,Not applicable,,,E02000171,E01000892
100040,202,Camden,3441,St George the Martyr Church of England Primary School,2,Voluntary aided school,4,Local authority maintained schools,1,Open,0,Not applicable,,0,Not applicable,,2,Primary,3,11,1,No boarders,Has Nursery Classes,2,Does not have a sixth form,3,Mixed,2,Church of England,Does not apply,CE23,Diocese of London,0,Not applicable,236,2,No Special Classes,16-01-2020,222,99,123,26.5,0,Not applicable,,,Not applicable,,Not under a federation,,,10079315,,Not applicable,15-11-2013,0,Not applicable,18-03-2021,John's Mews,,,London,,WC1N 2NX,http://www.stgeorge.camden.sch.uk/,2074055640,,,,Head of School,Not applicable,,,,Not applicable,,Not applicable,Not applicable,Not applicable,,,Not applicable,Not applicable,,,,,,,,,,,,,,,,,,,H,London,E09000007,Camden,E05000138,Holborn and Covent Garden,E14000750,Holborn and St Pancras,A1,(England/Wales) Urban major conurbation,E09000007,530763,182065,,Camden 027,Camden 027D,,,,,,999,,,Outstanding,North-West London and South-Central England,,5109944,,0,Not applicable,0,Not applicable,,,E02000192,E01000920
100041,202,Camden,3482,St Josephs Catholic Primary School,2,Voluntary aided school,4,Local authority maintained schools,1,Open,0,Not applicable,,0,Not applicable,,2,Primary,3,11,1,No boarders,Has Nursery Classes,2,Does not have a sixth form,3,Mixed,3,Roman Catholic,Does not apply,RC01,Archdiocese of Westminster,0,Not applicable,236,2,No Special Classes,16-01-2020,194,96,98,28.4,0,Not applicable,,,Not applicable,,Not under a federation,,,10076017,,Not applicable,11-10-2018,0,Not applicable,31-03-2021,Macklin Street,Covent Garden,,London,,WC2B 5NA,http://www.stjosephs.camden.sch.uk/,2072427712,,,,Headteacher,Not applicable,,,,Not applicable,,Not applicable,Not applicable,Not applicable,,,Not applicable,Not applicable,,,,,,,,,,,,,,,,,,,H,London,E09000007,Camden,E05000138,Holborn and Covent Garden,E14000750,Holborn and St Pancras,A1,(England/Wales) Urban major conurbation,E09000007,530415,181368,,Camden 028,Camden 028C,,,,,,999,,,Good,North-West London and South-Central England,,5090710,,0,Not applicable,0,Not applicable,,,E02000193,E01000918
100042,202,Camden,3517,St Mary's Kilburn Church of England Primary School,2,Voluntary aided school,4,Local authority maintained schools,1,Open,0,Not applicable,,0,Not applicable,,2,Primary,3,11,1,No boarders,Has Nursery Classes,2,Does not have a sixth form,3,Mixed,2,Church of England,Does not apply,CE23,Diocese of London,0,Not applicable,210,2,No Special Classes,16-01-2020,227,116,111,36.1,0,Not applicable,,,Not applicable,,Not under a federation,,,10079314,,Not applicable,28-11-2017,0,Not applicable,04-03-2021,Quex Road,Kilburn,,London,,NW6 4PG,http://www.stmarykilburn.camden.sch.uk/,2073726565,,,,Executive Headteacher,Not applicable,,,,Not applicable,,Not applicable,Not applicable,Not applicable,,,Not applicable,Not applicable,,,,,,,,,,,,,,Not applicable,,,,,H,London,E09000007,Camden,E05000140,Kilburn,E14000727,Hampstead and Kilburn,A1,(England/Wales) Urban major conurbation,E09000007,525389,183932,,Camden 020,Camden 020C,,,,,,999,,,Good,North-West London and South-Central England,,5060998,,0,Not applicable,0,Not applicable,,,E02000185,E01000933
100043,202,Camden,3521,St Mary and St Pancras Church of England Primary School,2,Voluntary aided school,4,Local authority maintained schools,1,Open,0,Not applicable,,0,Not applicable,,2,Primary,3,11,1,No boarders,Has Nursery Classes,2,Does not have a sixth form,3,Mixed,2,Church of England,Does not apply,CE23,Diocese of London,0,Not applicable,234,2,No Special Classes,16-01-2020,219,114,105,43.1,0,Not applicable,,,Not applicable,,Not under a federation,,,10079313,,Not applicable,28-03-2019,0,Not applicable,04-05-2021,81 Werrington Street,,,London,,NW1 1QP,www.stmp.camden.sch.uk,2073876117,,,,Headteacher,Not applicable,,,,Not applicable,,Not applicable,Not applicable,Not applicable,,,Not applicable,Not applicable,,,,,,,,,,,,,,,,,,,H,London,E09000007,Camden,E05000143,St Pancras and Somers Town,E14000750,Holborn and St Pancras,A1,(England/Wales) Urban major conurbation,E09000007,529495,183146,,Camden 022,Camden 022C,,,,,,999,,,Good,North-West London and South-Central England,,5083198,,0,Not applicable,0,Not applicable,,,E02000187,E01000954
100044,202,Camden,3546,St Michael's Church of England Primary School,2,Voluntary aided school,4,Local authority maintained schools,1,Open,0,Not applicable,,0,Not applicable,,2,Primary,4,11,1,No boarders,No Nursery Classes,2,Does not have a sixth form,3,Mixed,2,Church of England,Does not apply,CE23,Diocese of London,0,Not applicable,210,2,No Special Classes,16-01-2020,167,79,88,49.7,0,Not applicable,,,Not applicable,,Not under a federation,,,10046787,,Not applicable,07-12-2016,0,Not applicable,09-03-2021,88 Camden Street,,,London,,NW1 0JA,www.stmichaels.camden.sch.uk/,2074858965,,,,Headteacher,Not applicable,,,,Not applicable,,Not applicable,Not applicable,Not applicable,,,Not applicable,Not applicable,,,,,,,,,,,,,,,,,,,H,London,E09000007,Camden,E05000130,Camden Town with Primrose Hill,E14000750,Holborn and St Pancras,A1,(England/Wales) Urban major conurbation,E09000007,529204,183886,,Camden 019,Camden 019B,,,,,,999,,,Good,North-West London and South-Central England,,5090687,,0,Not applicable,0,Not applicable,,,E02000184,E01000861
100045,202,Camden,3560,St Patrick's Catholic Primary School,2,Voluntary aided school,4,Local authority maintained schools,1,Open,0,Not applicable,,0,Not applicable,,2,Primary,3,11,1,No boarders,Has Nursery Classes,2,Does not have a sixth form,3,Mixed,3,Roman Catholic,Does not apply,RC01,Archdiocese of Westminster,0,Not applicable,210,2,No Special Classes,16-01-2020,211,121,90,45.9,0,Not applicable,,,Not applicable,,Not under a federation,,,10076016,,Not applicable,20-11-2019,0,Not applicable,17-03-2021,Holmes Road,,,London,,NW5 3AH,http://www.stpatricks.camden.sch.uk/,2072671200,,,,Headteacher,Not applicable,,,,Not applicable,,Not applicable,Not applicable,Not applicable,,,Not applicable,Not applicable,,,,,,,,,,,,,,,,,,,H,London,E09000007,Camden,E05000139,Kentish Town,E14000750,Holborn and St Pancras,A1,(England/Wales) Urban major conurbation,E09000007,528861,185010,,Camden 007,Camden 007E,,,,,,999,,,Good,North-West London and South-Central England,,5090698,,0,Not applicable,0,Not applicable,,,E02000172,E01000922
100046,202,Camden,3568,St Paul's Church of England Primary School,2,Voluntary aided school,4,Local authority maintained schools,1,Open,0,Not applicable,,0,Not applicable,,2,Primary,4,11,1,No boarders,No Nursery Classes,2,Does not have a sixth form,3,Mixed,2,Church of England,Does not apply,CE23,Diocese of London,0,Not applicable,210,2,No Special Classes,16-01-2020,206,96,110,22.3,0,Not applicable,,,Not applicable,,Not under a federation,,,10074738,,Not applicable,04-10-2016,0,Not applicable,27-04-2021,Elsworthy Road,Primrose Hill,,London,,NW3 3DS,http://www.stpauls.camden.sch.uk/,2077227381,,,,Headteacher,Not applicable,,,,Not applicable,,Not applicable,Not applicable,Not applicable,,,Not applicable,Not applicable,,,,,,,,,,,,,,,,,,,H,London,E09000007,Camden,E05000144,Swiss Cottage,E14000727,Hampstead and Kilburn,A1,(England/Wales) Urban major conurbation,E09000007,527498,184129,,Camden 017,Camden 017D,,,,,,999,,,Good,North-West London and South-Central England,,5114710,,0,Not applicable,0,Not applicable,,,E02000182,E01000967
100047,202,Camden,3649,St Eugene de Mazenod Roman Catholic Primary School,2,Voluntary aided school,4,Local authority maintained schools,1,Open,0,Not applicable,,0,Not applicable,,2,Primary,4,11,1,No boarders,No Nursery Classes,2,Does not have a sixth form,3,Mixed,3,Roman Catholic,Does not apply,RC01,Archdiocese of Westminster,0,Not applicable,210,2,No Special Classes,16-01-2020,203,91,112,32,0,Not applicable,,,Not applicable,,Not under a federation,,,10076015,,Not applicable,08-12-2010,0,Not applicable,17-03-2021,Mazenod Avenue,,,London,,NW6 4LS,http://www.steugene.camden.sch.uk/,2076244837,,,,Headteacher,Not applicable,,,,Not applicable,,Not applicable,Not applicable,Not applicable,,,Not applicable,Not applicable,,,,,,,,,,,,,,,,,,,H,London,E09000007,Camden,E05000140,Kilburn,E14000727,Hampstead and Kilburn,A1,(England/Wales) Urban major conurbation,E09000007,525360,183998,,Camden 020,Camden 020C,,,,,,999,,,Outstanding,North-West London and South-Central England,,5144612,,0,Not applicable,0,Not applicable,,,E02000185,E01000933
402384,674,Rhondda Cynon Taf,2386,Cymmer Primary School,30,Welsh establishment,6,Welsh schools,1,Open,1,Result of Amalgamation,01-09-2016,99,,,0,Not applicable,,,9,,Not applicable,0,Not applicable,9,,99,,None,0,Not applicable,9,,,0,Not applicable,,,,,,0,Not applicable,,,Not applicable,,Not applicable,,,,,,,0,Not applicable,01-08-2018,High Street,Cymmer,,Rhondda Cynon Taf,,CF39 9EY,,1443682168,,,,,Not applicable,,,,Not applicable,,,Not applicable,Not applicable,,,,Not approved,,,,,,,,,,,,,,,,,,,W,Wales (pseudo),W06000016,Rhondda Cynon Taf,W05000666,Cymmer,W07000052,Rhondda,C1,(England/Wales) Urban city and town,W06000016,,,,Rhondda Cynon Taf 020,Rhondda Cynon Taf 020C,,,,,,999,,,,,,200002936321,,0,Not applicable,0,Not applicable,,,W02000271,W01001174
402385,665,Wrexham,2281,Borras Park Community Primary School,30,Welsh establishment,6,Welsh schools,1,Open,1,Result of Amalgamation,01-09-2016,99,,,0,Not applicable,,,9,,Not applicable,0,Not applicable,9,,99,,None,0,Not applicable,9,,,0,Not applicable,,,,,,0,Not applicable,,,Not applicable,,Not applicable,,,,,,,0,Not applicable,01-08-2018,Borras Park Road,Borras Park,,Wrexham,,LL12 7TH,,,,,,,Not applicable,,,,Not applicable,,,Not applicable,Not applicable,,,,Not approved,,,,,,,,,,,,,,,,,,,W,Wales (pseudo),W06000006,Wrexham,W05000911,Rhosnesni,W07000044,Wrexham,C1,(England/Wales) Urban city and town,W06000006,,,,Wrexham 007,Wrexham 007C,,,,,,999,,,,,,10004521191,,0,Not applicable,0,Not applicable,,,W02000084,W01000415
402386,669,Carmarthenshire,2395,Ysgol Pen Rhos,30,Welsh establishment,6,Welsh schools,4,Proposed to open,99,,,99,,,0,Not applicable,,,9,,Not applicable,0,Not applicable,9,,6,None,None,0,Not applicable,9,,,0,Not applicable,,,,,,0,Not applicable,,,Not applicable,,Not applicable,,,,,,,0,Not applicable,16-09-2016,Lakefield Road,Llanelli,,,,SA15 2TS,,1554773843,,,,,Not applicable,,,,Not applicable,,,Not applicable,Not applicable,,,,Not approved,,,,,,,,,,,,,,,,,,,W,Wales (pseudo),W06000010,Carmarthenshire,W05000513,Tyisha,W07000045,Llanelli,C1,(England/Wales) Urban city and town,W06000010,,,,Carmarthenshire 026,Carmarthenshire 026D,,,,,,999,,,,,,200002956454,,0,Not applicable,0,Not applicable,,,W02000167,W01000732
402387,681,Cardiff,2332,Ysgol Gynradd Gymraeg Hamadryad,30,Welsh establishment,6,Welsh schools,1,Open,6,New Provision,01-09-2016,99,,,0,Not applicable,,,9,,Not applicable,0,Not applicable,9,,99,,None,0,Not applicable,9,,,0,Not applicable,,,,,,0,Not applicable,,,Not applicable,,Not applicable,,,,,,,0,Not applicable,19-02-2019,Hamadryad Road,,,Caerdydd,,CF10 5UY,,,,,,,Not applicable,,,,Not applicable,,,Not applicable,Not applicable,,,,Not approved,,,,,,,,,,,,,,,,,,,W,Wales (pseudo),W06000015,Cardiff,W05000854,Butetown,W07000080,Cardiff South and Penarth,C1,(England/Wales) Urban city and town,W06000015,318443,174366,,Cardiff 049,Cardiff 049B,,,,,,999,,,,,United Kingdom,10002512017,,0,Not applicable,0,Not applicable,,,W02000423,W01001942
402388,676,Caerphilly,4104,Islwyn High School,30,Welsh establishment,6,Welsh schools,1,Open,6,New Provision,01-09-2016,99,,,0,Not applicable,,,9,,Not applicable,0,Not applicable,9,,99,,None,0,Not applicable,9,,,0,Not applicable,,,,,,0,Not applicable,,,Not applicable,,Not applicable,,,10062667,,,,0,Not applicable,01-08-2018,Penmaen Road,Oakdale,,Blackwood,,NP12 0DT,,1495233600,,,,,Not applicable,,,,Not applicable,,,Not applicable,Not applicable,,,,Not approved,,,,,,,,,,,,,,,,,,,W,Wales (pseudo),W06000018,Caerphilly,W05000925,Penmaen,W07000077,Islwyn,C1,(England/Wales) Urban city and town,W06000018,,,,Caerphilly 009,Caerphilly 009D,,,,,,999,,,,,,43086036,,0,Not applicable,0,Not applicable,,,W02000298,W01001392
402389,664,Flintshire,2272,Ysgol Maes-Y-Felin,30,Welsh establishment,6,Welsh schools,1,Open,99,,,99,,,0,Not applicable,,,9,,Not applicable,0,Not applicable,9,,99,,None,0,Not applicable,9,,,0,Not applicable,,,,,,0,Not applicable,,,Not applicable,,Not applicable,,,,,,,0,Not applicable,20-10-2020,Pen Y Maes Road,Holywell,,Flintshire,Flintshire (Sir y Fflint),CH8 7EN,,,,,,,Not applicable,,,,Not applicable,,,Not applicable,Not applicable,,,,Not approved,,,,,,,,,,,,,,,,,,,W,Wales (pseudo),W06000005,Flintshire,W05000211,Holywell Central,W07000042,Delyn,C1,(England/Wales) Urban city and town,W06000005,,,,Flintshire 003,Flintshire 003E,,,,,,999,,,,,,10090466059,,0,Not applicable,0,Not applicable,,,W02000060,W01000304
402390,662,Conwy,2274,Ysgol Awel y Mynydd,30,Welsh establishment,6,Welsh schools,1,Open,99,,,99,,,0,Not applicable,,,9,,Not applicable,0,Not applicable,9,,99,,None,0,Not applicable,9,,,0,Not applicable,,,,,,0,Not applicable,,,Not applicable,,Not applicable,,,,,,,0,Not applicable,01-08-2018,Broad Street,Cyffordd Llandudno,,Conwy,Conwy,LL31 9HG,,1492584631,,,,,Not applicable,,,,Not applicable,,,Not applicable,Not applicable,,,,Not approved,,,,,,,,,,,,,,,,,,,W,Wales (pseudo),W06000003,Conwy,W05000915,Marl,W07000058,Aberconwy,C1,(England/Wales) Urban city and town,W06000003,,,,Conwy 006,Conwy 006D,,,,,,999,,,,,,10023132787,,0,Not applicable,0,Not applicable,,,W02000032,W01000166
402391,681,Cardiff,4075,Cardiff West Community High School,30,Welsh establishment,6,Welsh schools,1,Open,1,Result of Amalgamation,01-09-2017,99,,,0,Not applicable,11,19,9,,Not applicable,0,Not applicable,9,,99,,None,0,Not applicable,9,,,0,Not applicable,,,,,,0,Not applicable,,,Not applicable,,Not applicable,,,10065688,,,,0,Not applicable,15-05-2019,Penally Road,,,Cardiff,,CF5 5XP,,,,,,,Not applicable,,,,Not applicable,,,Not applicable,Not applicable,,,,Not approved,,,,,,,,,,,,,,,,,,,W,Wales (pseudo),W06000015,Cardiff,W05000855,Caerau,W07000079,Cardiff West,C1,(England/Wales) Urban city and town,W06000015,314472,175814,,Cardiff 041,Cardiff 041C,,,,,,999,,,,,United Kingdom,100101043112,,0,Not applicable,0,Not applicable,,,W02000407,W01001707
402393,666,Powys,6052,Summergil House School,30,Welsh establishment,6,Welsh schools,1,Open,99,,,99,,,0,Not applicable,,,9,,Not applicable,0,Not applicable,9,,99,,None,0,Not applicable,9,,,0,Not applicable,,,,,,0,Not applicable,,,Not applicable,,Not applicable,,,,,,,0,Not applicable,07-08-2018,Walton,,,Presteigne,Powys,LD8 2PT,,,,,,,Not applicable,,,,Not applicable,,,Not applicable,Not applicable,,,,Approved,,,,,,,,,,,,,,,,,,,W,Wales (pseudo),W06000023,Powys,W05000340,Old Radnor,W07000068,Brecon and Radnorshire,F2,(England/Wales) Rural hamlet and isolated dwellings in a sparse setting,W06000023,,,,Powys 011,Powys 011E,,,,,,999,,,,,,10011741775,,0,Not applicable,0,Not applicable,,,W02000107,W01000484
402394,681,Cardiff,6101,Cardiff Sixth Form College,30,Welsh establishment,6,Welsh schools,1,Open,99,,21-04-2017,99,,,0,Not applicable,,,9,,Not applicable,0,Not applicable,9,,99,,None,0,Not applicable,9,,,0,Not applicable,,,,,,0,Not applicable,,,Not applicable,,Not applicable,,,,,,,0,Not applicable,18-02-2020,1-3 Trinity Court,21-27 Newport Road,,Cardiff,Cardiff (Caerdydd),CF24 0AA,,2920493121,,,,,Not applicable,,,,Not applicable,,,Not applicable,Not applicable,,,,Not approved,,,,,,,,,,,,,,,,,,,W,Wales (pseudo),W06000015,Cardiff,W05000873,Plasnewydd,W07000050,Cardiff Central,C1,(England/Wales) Urban city and town,W06000015,,,,Cardiff 033,Cardiff 033F,,,,,,999,,,,,,10002507162,,0,Not applicable,0,Not applicable,,,W02000399,W01001835
402395,673,Vale of Glamorgan,3373,St Helen's Catholic Primary School,30,Welsh establishment,6,Welsh schools,1,Open,99,,,99,,,0,Not applicable,,,9,,Not applicable,0,Not applicable,9,,99,,None,0,Not applicable,9,,,0,Not applicable,,,,,,0,Not applicable,,,Not applicable,,Not applicable,,,,,,,0,Not applicable,01-08-2018,Maes-Y-Cwm Street,,,Barry,,CF63 4EH,,1446732834,,,,,Not applicable,,,,Not applicable,,,Not applicable,Not applicable,,,,Not approved,,,,,,,,,,,,,,,,,,,W,Wales (pseudo),W06000014,Vale of Glamorgan,W05000633,Buttrills,W07000078,Vale of Glamorgan,C1,(England/Wales) Urban city and town,W06000014,,,,The Vale of Glamorgan 012,The Vale of Glamorgan 012A,,,,,,999,,,,,,64039158,,0,Not applicable,0,Not applicable,,,W02000248,W01001063
402396,667,Ceredigion,2373,Ysgol Dyffryn Cledlyn,30,Welsh establishment,6,Welsh schools,2,Closed,99,,01-09-2017,2,Closure,31-08-2019,0,Not applicable,,,9,,Not applicable,0,Not applicable,9,,99,,None,0,Not applicable,9,,,0,Not applicable,,,,,,0,Not applicable,,,Not applicable,,Not applicable,,,10065262,,,,0,Not applicable,07-10-2019,Drefach,Llanybydder,,Ceredigion,,SA40 9SX,,,,,,,Not applicable,,,,Not applicable,,,Not applicable,Not applicable,,,,Not approved,,,,,,,,,,,,,,,,,,,W,Wales (pseudo),W06000008,Ceredigion,W05000386,Llanwenog,W07000064,Ceredigion,E2,(England/Wales) Rural village in a sparse setting,W06000008,,,,Ceredigion 008,Ceredigion 008E,,,,,,999,,,,,,49076736,,0,Not applicable,0,Not applicable,,,W02000123,W01000541
402397,671,Neath Port Talbot,5501,Ysgol Gymraeg Ystalyfera Bro Dur,30,Welsh establishment,6,Welsh schools,1,Open,99,,01-09-2017,99,,,0,Not applicable,,,9,,Not applicable,0,Not applicable,9,,99,,None,0,Not applicable,9,,,0,Not applicable,,,,,,0,Not applicable,,,Not applicable,,Not applicable,,,10065263,,,,0,Not applicable,01-08-2018,Glan Yr Afon,Ystalyfera,,Swansea,Swansea (Abertawe),SA9 2JJ,,1639842129,,,,,Not applicable,,,,Not applicable,,,Not applicable,Not applicable,,,,Not approved,,,,,,,,,,,,,,,,,,,W,Wales (pseudo),W06000012,Neath Port Talbot,W05000592,Ystalyfera,W07000069,Neath,C1,(England/Wales) Urban city and town,W06000012,,,,Neath Port Talbot 020,Neath Port Talbot 020F,,,,,,999,,,,,,10009185182,,0,Not applicable,0,Not applicable,,,W02000417,W01000973
402398,680,Newport,7004,Ysgol Bryn Derw,30,Welsh establishment,6,Welsh schools,1,Open,99,,01-09-2017,99,,,0,Not applicable,,,9,,Not applicable,0,Not applicable,9,,99,,None,0,Not applicable,9,,,0,Not applicable,,,,,,0,Not applicable,,,Not applicable,,Not applicable,,,10065264,,,,0,Not applicable,01-08-2018,Melfort Road,,,Newport,,NP20 3FP,,,,,,,Not applicable,,,,Not applicable,,,Not applicable,Not applicable,,,,Not approved,,,,,,,,,,,,,,,,,,,W,Wales (pseudo),W06000022,Newport,W05000838,Gaer,W07000056,Newport West,C1,(England/Wales) Urban city and town,W06000022,,,,Newport 017,Newport 017B,,,,,,999,,,,,,,,0,Not applicable,0,Not applicable,,,W02000363,W01001630
402399,680,Newport,2328,Jubilee Park Primary School,30,Welsh establishment,6,Welsh schools,1,Open,99,,01-09-2017,99,,,0,Not applicable,,,9,,Not applicable,0,Not applicable,9,,99,,None,0,Not applicable,9,,,0,Not applicable,,,,,,0,Not applicable,,,Not applicable,,Not applicable,,,10065265,,,,0,Not applicable,09-12-2019,Rogerstone,,,Newport,,NP10 9YX,,,,,,,Not applicable,,,,Not applicable,,,Not applicable,Not applicable,,,,Not approved,,,,,,,,,,,,,,,,,,,W,Wales (pseudo),W06000022,Newport,W05000847,Rogerstone,W07000056,Newport West,C1,(England/Wales) Urban city and town,W06000022,,,,Newport 016,Newport 016D,,,,,,999,,,,,,100101046949,,0,Not applicable,0,Not applicable,,,W02000362,W01001671
402400,680,Newport,2327,Tredegar Park Primary School,30,Welsh establishment,6,Welsh schools,1,Open,1,Result of Amalgamation,01-09-2017,99,,,0,Not applicable,,,9,,Not applicable,0,Not applicable,9,,99,,None,0,Not applicable,9,,,0,Not applicable,,,,,,0,Not applicable,,,Not applicable,,Not applicable,,,10065266,,,,0,Not applicable,09-12-2019,Partridge Way,,,Newport,,NP10 8WP,,,,,,,Not applicable,,,,Not applicable,,,Not applicable,Not applicable,,,,Not approved,,,,,,,,,,,,,,,,,,,W,Wales (pseudo),W06000022,Newport,W05000851,Tredegar Park,W07000056,Newport West,C1,(England/Wales) Urban city and town,W06000022,,,,Newport 019,Newport 019D,,,,,,999,,,,,,10093295632,,0,Not applicable,0,Not applicable,,,W02000365,W01001689
402401,680,Newport,2329,Milton Primary School,30,Welsh establishment,6,Welsh schools,1,Open,1,Result of Amalgamation,01-09-2017,99,,,0,Not applicable,,,9,,Not applicable,0,Not applicable,9,,99,,None,0,Not applicable,9,,,0,Not applicable,,,,,,0,Not applicable,,,Not applicable,,Not applicable,,,10065267,,,,0,Not applicable,09-12-2019,Hendre Farm Drive,,,Newport,,NP19 9HB,,,,,,,Not applicable,,,,Not applicable,,,Not applicable,Not applicable,,,,Not approved,,,,,,,,,,,,,,,,,,,W,Wales (pseudo),W06000022,Newport,W05000846,Ringland,W07000055,Newport East,C1,(England/Wales) Urban city and town,W06000022,,,,Newport 010,Newport 010A,,,,,,999,,,,,,10093296179,,0,Not applicable,0,Not applicable,,,W02000356,W01001664
402402,680,Newport,3002,Malpas Church In Wales Primary School,30,Welsh establishment,6,Welsh schools,1,Open,1,Result of Amalgamation,01-09-2017,99,,,0,Not applicable,,,9,,Not applicable,0,Not applicable,9,,99,,None,0,Not applicable,9,,,0,Not applicable,,,,,,0,Not applicable,,,Not applicable,,Not applicable,,,10065268,,,,0,Not applicable,09-12-2019,Yewberry Close,Malpas,,Newport,,NP20 6WJ,,,,,,,Not applicable,,,,Not applicable,,,Not applicable,Not applicable,,,,Not approved,,,,,,,,,,,,,,,,,,,W,Wales (pseudo),W06000022,Newport,W05000843,Malpas,W07000056,Newport West,C1,(England/Wales) Urban city and town,W06000022,,,,Newport 002,Newport 002E,,,,,,999,,,,,,10093296178,,0,Not applicable,0,Not applicable,,,W02000348,W01001655
402403,668,Pembrokeshire,3060,Penrhyn Church in Wales Voluntary Controlled School,30,Welsh establishment,6,Welsh schools,1,Open,1,Result of Amalgamation,01-09-2017,99,,,0,Not applicable,,,9,,Not applicable,0,Not applicable,9,,99,,None,0,Not applicable,9,,,0,Not applicable,,,,,,0,Not applicable,,,Not applicable,,Not applicable,,,,,,,0,Not applicable,30-11-2019,,Hundleton,,Pembroke,Pembrokeshire (Sir Benfro),SA71 5RD,,1646621813,,,,,Not applicable,,,,Not applicable,,,Not applicable,Not applicable,,,,Not approved,,,,,,,,,,,,,,,,,,,W,Wales (pseudo),W06000009,Pembrokeshire,W05000414,Hundleton,W07000066,Carmarthen West and South Pembrokeshire,E1,(England/Wales) Rural village,W06000009,,,,Pembrokeshire 015,Pembrokeshire 015A,,,,,,999,,,,,United Kingdom,10023953845,,0,Not applicable,0,Not applicable,,,W02000140,W01000574
402404,668,Pembrokeshire,3061,Gelliswick Church in Wales Voluntary Controlled Primary School,30,Welsh establishment,6,Welsh schools,1,Open,1,Result of Amalgamation,01-09-2017,99,,,0,Not applicable,,,9,,Not applicable,0,Not applicable,9,,99,,None,0,Not applicable,9,,,0,Not applicable,,,,,,0,Not applicable,,,Not applicable,,Not applicable,,,,,,,0,Not applicable,30-11-2019,Gelliswick Road,Hakin,,Milford Haven,Pembrokeshire (Sir Benfro),SA73 3RS,,1646694852,,,,,Not applicable,,,,Not applicable,,,Not applicable,Not applicable,,,,Not approved,,,,,,,,,,,,,,,,,,,W,Wales (pseudo),W06000009,Pembrokeshire,W05000429,Milford: Hubberston,W07000065,Preseli Pembrokeshire,C1,(England/Wales) Urban city and town,W06000009,,,,Pembrokeshire 012,Pembrokeshire 012D,,,,,,999,,,,,United Kingdom,200003258749,,0,Not applicable,0,Not applicable,,,W02000137,W01000592
402405,660,Isle of Anglesey,2227,Ysgol Rhyd y Llan,30,Welsh establishment,6,Welsh schools,1,Open,1,Result of Amalgamation,01-09-2017,99,,,0,Not applicable,,,9,,Not applicable,0,Not applicable,9,,99,,None,0,Not applicable,9,,,0,Not applicable,,,,,,0,Not applicable,,,Not applicable,,Not applicable,,,,,,,0,Not applicable,01-08-2018,,,,,,,,,,,,,Not applicable,,,,Not applicable,,,Not applicable,Not applicable,,,,Not approved,,,,,,,,,,,,,,,,,,,W,Wales (pseudo),9999,,999999,,999,,99,,W06000001,,,,,,,,,,,999,,,,,,,,0,Not applicable,0,Not applicable,,,999999999,999999999
402406,660,Isle of Anglesey,3036,Ysgol Cybi,30,Welsh establishment,6,Welsh schools,1,Open,1,Result of Amalgamation,01-09-2017,99,,,0,Not applicable,,,9,,Not applicable,0,Not applicable,9,,99,,None,0,Not applicable,9,,,0,Not applicable,,,,,,0,Not applicable,,,Not applicable,,Not applicable,,,,,,,0,Not applicable,01-08-2018,Garreglwyd Road,,,Caergybi,Isle of Anglesey (Ynys Mon),LL65 1NS,,,,,,,Not applicable,,,,Not applicable,,,Not applicable,Not applicable,,,,Not approved,,,,,,,,,,,,,,,,,,,W,Wales (pseudo),W06000001,Isle of Anglesey,W05000991,Ynys Gybi,W07000041,Ynys Mn,C2,(England/Wales) Urban city and town in a sparse setting,W06000001,,,,Isle of Anglesey 003,Isle of Anglesey 003D,,,,,,999,,,,,United Kingdom,200001650768,,0,Not applicable,0,Not applicable,,,W02000003,W01000030
402407,661,Gwynedd,6034,Bangor Independent School,30,Welsh establishment,6,Welsh schools,1,Open,99,,18-08-2017,99,,,0,Not applicable,,,9,,Not applicable,0,Not applicable,9,,99,,None,0,Not applicable,9,,,0,Not applicable,,,,,,0,Not applicable,,,Not applicable,,Not applicable,,,,,,,0,Not applicable,01-08-2018,The Old Canonry,Ffordd Gwynedd,,Bangor,,LL57 1DT,,,,,,,Not applicable,,,,Not applicable,,,Not applicable,Not applicable,,,,Not approved,,,,,,,,,,,,,,,,,,,W,Wales (pseudo),W06000002,Gwynedd,W05000059,Deiniol,W07000057,Arfon,C1,(England/Wales) Urban city and town,W06000002,258185,372145,,Gwynedd 001,Gwynedd 001A,,,,,,999,,,,,United Kingdom,10070349184,,0,Not applicable,0,Not applicable,,,W02000010,W01000062
402408,666,Powys,3051,Welshpool Church in Wales Primary School,30,Welsh establishment,6,Welsh schools,1,Open,99,,01-09-2017,99,,,0,Not applicable,,,9,,Not applicable,0,Not applicable,9,,99,,None,0,Not applicable,9,,,0,Not applicable,,,,,,0,Not applicable,,,Not applicable,,Not applicable,,,,,,,0,Not applicable,01-08-2018,Severn Road,,,Welshpool,,SY21 7SU,,,,,,,Not applicable,,,,Not applicable,,,Not applicable,Not applicable,,,,Not approved,,,,,,,,,,,,,,,,,,,W,Wales (pseudo),W06000023,Powys,W05000351,Welshpool Castle,W07000063,Montgomeryshire,D2,(England/Wales) Rural town and fringe in a sparse setting,W06000023,322588,307160,,Powys 003,Powys 003A,,,,,,999,,,,,United Kingdom,10011760785,,0,Not applicable,0,Not applicable,,,W02000099,W01000498
402409,666,Powys,2154,Ysgol Gymraeg y Trallwng,30,Welsh establishment,6,Welsh schools,1,Open,99,,01-09-2017,99,,,0,Not applicable,,,9,,Not applicable,0,Not applicable,9,,99,,None,0,Not applicable,9,,,0,Not applicable,,,,,,0,Not applicable,,,Not applicable,,Not applicable,,,,,,,0,Not applicable,01-08-2018,Red Bank,,,Welshpool,,SY21 0BB,,,,,,,Not applicable,,,,Not applicable,,,Not applicable,Not applicable,,,,Not approved,,,,,,,,,,,,,,,,,,,W,Wales (pseudo),W06000023,Powys,W05000317,Llanfair Caereinion,W07000063,Montgomeryshire,E2,(England/Wales) Rural village in a sparse setting,W06000023,310058,306125,,Powys 006,Powys 006B,,,,,,999,,,,,United Kingdom,10011763847,,0,Not applicable,0,Not applicable,,,W02000102,W01000460
402410,666,Powys,2153,Ysgol y Mynydd Du,30,Welsh establishment,6,Welsh schools,1,Open,1,Result of Amalgamation,01-09-2017,99,,,0,Not applicable,,,9,,Not applicable,0,Not applicable,9,,99,,None,0,Not applicable,9,,,0,Not applicable,,,,,,0,Not applicable,,,Not applicable,,Not applicable,,,,,,,0,Not applicable,08-10-2018,School Road,,,Talgarth,Powys,LD3 0DQ,,,,,,,Not applicable,,,,Not applicable,,,Not applicable,Not applicable,,,,Not approved,,,,,,,,,,,,,,,,,,,W,Wales (pseudo),W06000023,Powys,W05000347,Talgarth,W07000068,Brecon and Radnorshire,D2,(England/Wales) Rural town and fringe in a sparse setting,W06000023,315644,233810,,Powys 015,Powys 015E,,,,,,999,,,,,United Kingdom,10091467224,,0,Not applicable,0,Not applicable,,,W02000111,W01000494
402411,661,Gwynedd,5500,Ysgol Bro Idris,30,Welsh establishment,6,Welsh schools,1,Open,1,Result of Amalgamation,01-09-2017,99,,,0,Not applicable,,,9,,Not applicable,0,Not applicable,9,,99,,None,0,Not applicable,9,,,0,Not applicable,,,,,,0,Not applicable,,,Not applicable,,Not applicable,,,10065763,,,,0,Not applicable,01-08-2018,,,,Dolgellau,,LL40 1HY,,,,,,,Not applicable,,,,Not applicable,,,Not applicable,Not applicable,,,,Not approved,,,,,,,,,,,,,,,,,,,W,Wales (pseudo),W06000002,Gwynedd,W05000065,Dolgellau South,W07000061,Dwyfor Meirionnydd,D2,(England/Wales) Rural town and fringe in a sparse setting,W06000002,273194,317630,,Gwynedd 016,Gwynedd 016E,,,,,,999,,,,,United Kingdom,200003181906,,0,Not applicable,0,Not applicable,,,W02000025,W01000068
402412,669,Carmarthenshire,2396,Ysgol Gymraeg Llangennech,30,Welsh establishment,6,Welsh schools,1,Open,1,Result of Amalgamation,01-09-2017,99,,,0,Not applicable,,,9,,Not applicable,0,Not applicable,9,,99,,None,0,Not applicable,9,,,0,Not applicable,,,,,,0,Not applicable,,,Not applicable,,Not applicable,,,,,,,0,Not applicable,01-08-2018,,,,,,,,,,,,,Not applicable,,,,Not applicable,,,Not applicable,Not applicable,,,,Not approved,,,,,,,,,,,,,,,,,,,W,Wales (pseudo),9999,,999999,,999,,99,,W06000010,,,,,,,,,,,999,,,,,,,,0,Not applicable,0,Not applicable,,,999999999,999999999
402413,670,Swansea,6028,T? Dan Y Coed,30,Welsh establishment,6,Welsh schools,1,Open,99,,06-11-2017,99,,,0,Not applicable,,,9,,Not applicable,0,Not applicable,9,,99,,None,0,Not applicable,9,,,0,Not applicable,,,,,,0,Not applicable,,,Not applicable,,Not applicable,,,,,,,0,Not applicable,01-08-2018,Huntington Close,,,Swansea,,SA3 5AL,,,,,,,Not applicable,,,,Not applicable,,,Not applicable,Not applicable,,,,Not approved,,,,,,,,,,,,,,,,,,,W,Wales (pseudo),W06000011,Swansea,W05000550,West Cross,W07000046,Gower,C1,(England/Wales) Urban city and town,W06000011,261501,189881,,Swansea 029,Swansea 029C,,,,,,999,,,,,United Kingdom,100101008182,,0,Not applicable,0,Not applicable,,,W02000196,W01000881
402414,671,Neath Port Talbot,2241,Ysgol Carreg Hir,30,Welsh establishment,6,Welsh schools,1,Open,1,Result of Amalgamation,01-09-2018,99,,,0,Not applicable,,,9,,Not applicable,0,Not applicable,9,,6,None,None,0,Not applicable,9,,,0,Not applicable,,,,,,0,Not applicable,,,Not applicable,,Not applicable,,,,,,,0,Not applicable,08-10-2018,,,,,,,,,,,,,Not applicable,,,,Not applicable,,,Not applicable,Not applicable,,,,Not approved,,,,,,,,,,,,,,,,,,,W,Wales (pseudo),9999,,999999,,999,,99,,W06000012,,,,,,,,,,,999,,,,,,,,0,Not applicable,0,Not applicable,,,999999999,999999999
402415,677,Blaenau Gwent,7012,River Centre 3-16 Learning Community,30,Welsh establishment,6,Welsh schools,1,Open,99,,01-01-2018,99,,,0,Not applicable,,,9,,Not applicable,0,Not applicable,9,,99,,None,0,Not applicable,9,,,0,Not applicable,,,,,,0,Not applicable,,,Not applicable,,Not applicable,,,10066509,,,,0,Not applicable,08-01-2018,Pontygof,,,Ebbw Vale,Blaenau Gwent,NP23 5AZ,,,,,,,Not applicable,,,,Not applicable,,,Not applicable,Not applicable,,,,Not approved,,,,,,,,,,,,,,,,,,,W,Wales (pseudo),W06000019,Blaenau Gwent,W05000942,Ebbw Vale North,W07000072,Blaenau Gwent,C1,(England/Wales) Urban city and town,W06000019,316866,210082,,Blaenau Gwent 004,Blaenau Gwent 004C,,,,,,999,,,,,United Kingdom,10014119709,,0,Not applicable,0,Not applicable,,,W02000317,W01001456
402416,671,Neath Port Talbot,5502,Ysgol Cwm Brombil,30,Welsh establishment,6,Welsh schools,1,Open,99,,01-09-2018,99,,,0,Not applicable,,,9,,Not applicable,0,Not applicable,9,,99,,None,0,Not applicable,9,,,0,Not applicable,,,,,,0,Not applicable,,,Not applicable,,Not applicable,,,10082527,,,,0,Not applicable,20-07-2020,Bertha Road,Margam,,Port Talbot,,SA13 2AN,,,,,,,Not applicable,,,,Not applicable,,,Not applicable,Not applicable,,,,Not approved,,,,,,,,,,,,,,,,,,,W,Wales (pseudo),W06000012,Neath Port Talbot,W05001030,Margam,W07000049,Aberavon,C1,(England/Wales) Urban city and town,W06000012,278742,187405,,Neath Port Talbot 019,Neath Port Talbot 019B,,,,,,999,,,,,United Kingdom,100101064131,,0,Not applicable,0,Not applicable,,,W02000217,W01000933
402417,676,Caerphilly,5500,Idris Davies School 3 to 18,30,Welsh establishment,6,Welsh schools,1,Open,6,New Provision,01-01-2018,99,,,0,Not applicable,,,9,,Not applicable,0,Not applicable,9,,99,,None,0,Not applicable,9,,,0,Not applicable,,,,,,0,Not applicable,,,Not applicable,,Not applicable,,,10066699,,,,0,Not applicable,29-01-2018,Mill Field,,Abertysswg,Rhymney,,NP22 5XF,,,,,,,Not applicable,,,,Not applicable,,,Not applicable,Not applicable,,,,Not approved,,,,,,,,,,,,,,,,,,,W,Wales (pseudo),W06000018,Caerphilly,W05000734,Moriah,W07000071,Merthyr Tydfil and Rhymney,D1,(England/Wales) Rural town and fringe,W06000018,312146,205934,,Caerphilly 001,Caerphilly 001C,,,,,,999,,,,,United Kingdom,43037306,,0,Not applicable,0,Not applicable,,,W02000290,W01001376
402418,674,Rhondda Cynon Taf,2387,Cwmaman Primary,30,Welsh establishment,6,Welsh schools,1,Open,6,New Provision,01-09-2018,99,,,0,Not applicable,,,9,,Not applicable,0,Not applicable,9,,6,None,None,0,Not applicable,9,,,0,Not applicable,,,,,,0,Not applicable,,,Not applicable,,Not applicable,,,,,,,0,Not applicable,01-09-2018,Glanaman Road,,,Aberdare,,CF44 6LA,,,,,,,Not applicable,,,,Not applicable,,,Not applicable,Not applicable,,,,Not approved,,,,,,,,,,,,,,,,,,,W,Wales (pseudo),W06000016,Rhondda Cynon Taf,W05001017,Aberaman South,W07000070,Cynon Valley,C1,(England/Wales) Urban city and town,W06000016,299601,199568,,Rhondda Cynon Taf 005,Rhondda Cynon Taf 005E,,,,,,999,,,,,United Kingdom,200002936907,,0,Not applicable,0,Not applicable,,,W02000256,W01001141
402419,674,Rhondda Cynon Taf,5501,Porth Community School,30,Welsh establishment,6,Welsh schools,1,Open,6,New Provision,01-09-2018,99,,,0,Not applicable,,,9,,Not applicable,0,Not applicable,9,,6,None,None,0,Not applicable,9,,,0,Not applicable,,,,,,0,Not applicable,,,Not applicable,,Not applicable,,,10082403,,,,0,Not applicable,20-07-2020,Cemetery Road,,,Porth,,CF39 0BS,,,,,,,Not applicable,,,,Not applicable,,,Not applicable,Not applicable,,,,Not approved,,,,,,,,,,,,,,,,,,,W,Wales (pseudo),W06000016,Rhondda Cynon Taf,W05000687,Porth,W07000052,Rhondda,C1,(England/Wales) Urban city and town,W06000016,301896,191836,,Rhondda Cynon Taf 017,Rhondda Cynon Taf 017C,,,,,,999,,,,,United Kingdom,100101050540,,0,Not applicable,0,Not applicable,,,W02000268,W01001230
402420,674,Rhondda Cynon Taf,5502,Ysgol Nantgwyn,30,Welsh establishment,6,Welsh schools,1,Open,6,New Provision,01-09-2018,99,,,0,Not applicable,,,9,,Not applicable,0,Not applicable,9,,6,None,None,0,Not applicable,9,,,0,Not applicable,,,,,,0,Not applicable,,,Not applicable,,Not applicable,,,10082519,,,,0,Not applicable,20-07-2020,Llewellyn Street,,,Tonypandy,,CF40 1HQ,,,,,,,Not applicable,,,,Not applicable,,,Not applicable,Not applicable,,,,Not approved,,,,,,,,,,,,,,,,,,,W,Wales (pseudo),W06000016,Rhondda Cynon Taf,W05000683,Pen-y-graig,W07000052,Rhondda,C1,(England/Wales) Urban city and town,W06000016,299304,191777,,Rhondda Cynon Taf 018,Rhondda Cynon Taf 018B,,,,,,999,,,,,United Kingdom,100101050795,,0,Not applicable,0,Not applicable,,,W02000269,W01001218
402421,674,Rhondda Cynon Taf,5503,Tonyrefail Community School,30,Welsh establishment,6,Welsh schools,1,Open,6,New Provision,01-09-2018,99,,,0,Not applicable,,,9,,Not applicable,0,Not applicable,9,,6,None,None,0,Not applicable,9,,,0,Not applicable,,,,,,0,Not applicable,,,Not applicable,,Not applicable,,,10081640,,,,0,Not applicable,20-07-2020,Gilfach Road,,Tonyrefail,Porth,,CF39 8HG,,,,,,,Not applicable,,,,Not applicable,,,Not applicable,Not applicable,,,,Not approved,,,,,,,,,,,,,,,,,,,W,Wales (pseudo),W06000016,Rhondda Cynon Taf,W05000696,Tonyrefail West,W07000075,Pontypridd,D1,(England/Wales) Rural town and fringe,W06000016,300242,187968,,Rhondda Cynon Taf 023,Rhondda Cynon Taf 023E,,,,,,999,,,,,United Kingdom,100101050560,,0,Not applicable,0,Not applicable,,,W02000274,W01001255
402422,673,Vale of Glamorgan,4068,Whitmore High School,30,Welsh establishment,6,Welsh schools,1,Open,99,,01-09-2018,99,,,0,Not applicable,,,9,,Not applicable,0,Not applicable,9,,99,,None,0,Not applicable,9,,,0,Not applicable,,,,,,0,Not applicable,,,Not applicable,,Not applicable,,,10066858,,,,0,Not applicable,01-09-2018,Port Road West,,,Barry,,CF62 8ZJ,,,,,,,Not applicable,,,,Not applicable,,,Not applicable,Not applicable,,,,Not approved,,,,,,,,,,,,,,,,,,,W,Wales (pseudo),W06000014,Vale of Glamorgan,W05000642,Illtyd,W07000078,Vale of Glamorgan,C1,(England/Wales) Urban city and town,W06000014,310539,169253,,The Vale of Glamorgan 010,The Vale of Glamorgan 010D,,,,,,999,,,,,United Kingdom,64026707,,0,Not applicable,0,Not applicable,,,W02000246,W01001103
402423,673,Vale of Glamorgan,4069,Pencoedtre High School,30,Welsh establishment,6,Welsh schools,1,Open,99,,01-09-2018,99,,,0,Not applicable,,,9,,Not applicable,0,Not applicable,9,,99,,None,0,Not applicable,9,,,0,Not applicable,,,,,,0,Not applicable,,,Not applicable,,Not applicable,,,10066859,,,,0,Not applicable,01-09-2018,Merthyr Dyfan Road,,,Barry,,CF62 9YQ,,,,,,,Not applicable,,,,Not applicable,,,Not applicable,Not applicable,,,,Not approved,,,,,,,,,,,,,,,,,,,W,Wales (pseudo),W06000014,Vale of Glamorgan,W05000641,Gibbonsdown,W07000078,Vale of Glamorgan,C1,(England/Wales) Urban city and town,W06000014,311985,170281,,The Vale of Glamorgan 007,The Vale of Glamorgan 007F,,,,,,999,,,,,United Kingdom,64033631,,0,Not applicable,0,Not applicable,,,W02000243,W01001097
402425,668,Pembrokeshire,6021,Ysgol Dail Pren,30,Welsh establishment,6,Welsh schools,2,Closed,99,,27-02-2018,2,Closure,02-07-2018,0,Not applicable,,,9,,Not applicable,0,Not applicable,9,,99,,None,0,Not applicable,9,,,0,Not applicable,,,,,,0,Not applicable,,,Not applicable,,Not applicable,,,,,,,0,Not applicable,03-07-2018,Nevern Village Hall,Nevern,,Newport,,SA42 0NB,,,,,,,Not applicable,,,,Not applicable,,,Not applicable,Not applicable,,,,Not approved,,,,,,,,,,,,,,,,,,,W,Wales (pseudo),W06000009,Pembrokeshire,W05000448,St. Dogmaels,W07000065,Preseli Pembrokeshire,F2,(England/Wales) Rural hamlet and isolated dwellings in a sparse setting,W06000009,208280,239781,,Pembrokeshire 001,Pembrokeshire 001E,,,,,,999,,,,,United Kingdom,10009880941,,0,Not applicable,0,Not applicable,,,W02000126,W01000613
402426,681,Cardiff,6102,ACT Schools,30,Welsh establishment,6,Welsh schools,1,Open,99,,06-04-2018,99,,,0,Not applicable,,,9,,Not applicable,0,Not applicable,9,,99,,None,0,Not applicable,9,,,0,Not applicable,,,,,,0,Not applicable,,,Not applicable,,Not applicable,,,,,,,0,Not applicable,09-04-2018,Ocean Park House,East Tyndall Street,,Cardiff,,CF24 5ET,,,,,,,Not applicable,,,,Not applicable,,,Not applicable,Not applicable,,,,Not approved,,,,,,,,,,,,,,,,,,,W,Wales (pseudo),W06000015,Cardiff,W05000879,Splott,W07000080,Cardiff South and Penarth,C1,(England/Wales) Urban city and town,W06000015,319652,176158,,Cardiff 038,Cardiff 038D,,,,,,999,,,,,United Kingdom,10002515174,,0,Not applicable,0,Not applicable,,,W02000404,W01001874
402427,668,Pembrokeshire,6022,Redhill High School,30,Welsh establishment,6,Welsh schools,1,Open,6,New Provision,24-04-2018,99,,,0,Not applicable,,,9,,Not applicable,0,Not applicable,9,,99,,None,0,Not applicable,9,,,0,Not applicable,,,,,,0,Not applicable,,,Not applicable,,Not applicable,,,10086019,,,,0,Not applicable,20-07-2020,Clynderwen House,,,Clunderwen,,SA66 7PN,,,,,,,Not applicable,,,,Not applicable,,,Not applicable,Not applicable,,,,Not approved,,,,,,,,,,,,,,,,,,,W,Wales (pseudo),W06000009,Pembrokeshire,W05000422,Maenclochog,W07000065,Preseli Pembrokeshire,F2,(England/Wales) Rural hamlet and isolated dwellings in a sparse setting,W06000009,213124,219967,,Pembrokeshire 004,Pembrokeshire 004B,,,,,,999,,,,,United Kingdom,10009896405,,0,Not applicable,0,Not applicable,,,W02000129,W01000583
402428,681,Cardiff,6103,Al-Falah Academy,30,Welsh establishment,6,Welsh schools,2,Closed,99,,31-05-2018,2,Closure,05-08-2020,0,Not applicable,,,9,,Not applicable,0,Not applicable,9,,99,,None,0,Not applicable,9,,,0,Not applicable,,,,,,0,Not applicable,,,Not applicable,,Not applicable,,,,,,,0,Not applicable,13-08-2020,26 Wells Street,,,Cardiff,,CF11 6DX,,,,,,,Not applicable,,,,Not applicable,,,Not applicable,Not applicable,,,,Not approved,,,,,,,,,,,,,,,,,,,W,Wales (pseudo),W06000015,Cardiff,W05000877,Riverside,W07000079,Cardiff West,C1,(England/Wales) Urban city and town,W06000015,317021,176225,,Cardiff 042,Cardiff 042A,,,,,,999,,,,,United Kingdom,100100891016,,0,Not applicable,0,Not applicable,,,W02000408,W01001855
402429,680,Newport,6006,Catch22 Include Wales,30,Welsh establishment,6,Welsh schools,1,Open,99,,31-05-2018,99,,,0,Not applicable,,,9,,Not applicable,0,Not applicable,9,,99,,None,0,Not applicable,9,,,0,Not applicable,,,,,,0,Not applicable,,,Not applicable,,Not applicable,,,,,,,0,Not applicable,05-12-2018,St Patrick's Rc Church Hall,Cromwell Road,,Newport,,NP19 0HS,,,,,,,Not applicable,,,,Not applicable,,,Not applicable,Not applicable,,,,Not approved,,,,,,,,,,,,,,,,,,,W,Wales (pseudo),W06000022,Newport,W05000841,Liswerry,W07000055,Newport East,C1,(England/Wales) Urban city and town,W06000022,333114,187564,,Newport 013,Newport 013B,,,,,,676,Caerphilly,6090,,,United Kingdom,100100969925,,0,Not applicable,0,Not applicable,,,W02000359,W01001643
402430,668,Pembrokeshire,5500,Ysgol Caer Elen,30,Welsh establishment,6,Welsh schools,1,Open,99,,01-09-2018,99,,,0,Not applicable,,,9,,Not applicable,0,Not applicable,9,,99,,None,0,Not applicable,9,,,0,Not applicable,,,,,,0,Not applicable,,,Not applicable,,Not applicable,,,10068240,,,,0,Not applicable,01-09-2018,Withybush Road,,,Haverfordwest,,SA62 4BN,,,,,,,Not applicable,,,,Not applicable,,,Not applicable,Not applicable,,,,Not approved,,,,,,,,,,,,,,,,,,,W,Wales (pseudo),W06000009,Pembrokeshire,W05000958,Rudbaxton,W07000065,Preseli Pembrokeshire,E1,(England/Wales) Rural village,W06000009,196096,217954,,Pembrokeshire 004,Pembrokeshire 004C,,,,,,999,,,,,United Kingdom,10002142582,,0,Not applicable,0,Not applicable,,,W02000129,W01000611
402431,668,Pembrokeshire,5900,Ysgol yr Eglwys yng Nghymru Penrhyn Dewi,30,Welsh establishment,6,Welsh schools,1,Open,99,,01-09-2018,99,,,0,Not applicable,,,9,,Not applicable,0,Not applicable,9,,99,,None,0,Not applicable,9,,,0,Not applicable,,,,,,0,Not applicable,,,Not applicable,,Not applicable,,,,,,,0,Not applicable,03-12-2018,St. Davids,,,Hwlffordd,Pembrokeshire (Sir Benfro),SA62 6QH,,,,,,,Not applicable,,,,Not applicable,,,Not applicable,Not applicable,,,,Not approved,,,,,,,,,,,,,,,,,,,W,Wales (pseudo),W06000009,Pembrokeshire,W05000447,St. David's,W07000065,Preseli Pembrokeshire,D2,(England/Wales) Rural town and fringe in a sparse setting,W06000009,175996,225372,,Pembrokeshire 003,Pembrokeshire 003C,,,,,,999,,,,,United Kingdom,10013170908,,0,Not applicable,0,Not applicable,,,W02000128,W01000612
402432,668,Pembrokeshire,4512,Haverfordwest High VC School,30,Welsh establishment,6,Welsh schools,1,Open,99,,01-09-2018,99,,,0,Not applicable,,,9,,Not applicable,0,Not applicable,9,,6,None,None,0,Not applicable,9,,,0,Not applicable,,,,,,0,Not applicable,,,Not applicable,,Not applicable,,,10087111,,,,0,Not applicable,04-10-2020,Portfield Avenue,,,Haverfordwest,,SA61 1EQ,,,,,,,Not applicable,,,,Not applicable,,,Not applicable,Not applicable,,,,Not approved,,,,,,,,,,,,,,,,,,,W,Wales (pseudo),W06000009,Pembrokeshire,W05000953,Haverfordwest: Portfield,W07000065,Preseli Pembrokeshire,C1,(England/Wales) Urban city and town,W06000009,194512,215191,,Pembrokeshire 006,Pembrokeshire 006A,,,,,,999,,,,,United Kingdom,200002959851,,0,Not applicable,0,Not applicable,,,W02000131,W01000571
402433,666,Powys,4025,Ysgol Calon Cymru,30,Welsh establishment,6,Welsh schools,1,Open,1,Result of Amalgamation,01-09-2018,99,,,0,Not applicable,,,9,,Not applicable,0,Not applicable,9,,99,,None,0,Not applicable,9,,,0,Not applicable,,,,,,0,Not applicable,,,Not applicable,,Not applicable,,,10082404,,,,0,Not applicable,20-07-2020,College Road,,,Builth Wells,,LD2 3BW,,1982553292,,,,,Not applicable,,,,Not applicable,,,Not applicable,Not applicable,,,,Not approved,,,,,,,,,,,,,,,,,,,W,Wales (pseudo),W06000023,Powys,W05000290,Builth,W07000068,Brecon and Radnorshire,D2,(England/Wales) Rural town and fringe in a sparse setting,W06000023,303807,251261,,Powys 014,Powys 014B,,,,,,999,,,,,United Kingdom,10011739849,,0,Not applicable,0,Not applicable,,,W02000110,W01000432
402434,675,Merthyr Tydfil,1106,Ty Dysgu,30,Welsh establishment,6,Welsh schools,1,Open,6,New Provision,01-09-2018,99,,,0,Not applicable,,,9,,Not applicable,0,Not applicable,9,,99,,None,0,Not applicable,9,,,0,Not applicable,,,,,,0,Not applicable,,,Not applicable,,Not applicable,,,10083132,,,,0,Not applicable,12-04-2019,Homfrey,Alexandra Avenue,,Merthyr Tudful,,CF47 9AF,,,,,,,Not applicable,,,,Not applicable,,,Not applicable,Not applicable,,,,Not approved,,,,,,,,,,,,,,,,,,,W,Wales (pseudo),W06000024,Merthyr Tydfil,W05000712,Park,W07000071,Merthyr Tydfil and Rhymney,C1,(England/Wales) Urban city and town,W06000024,305424,207027,,Merthyr Tydfil 003,Merthyr Tydfil 003C,,,,,,999,,,,,United Kingdom,10034660081,,0,Not applicable,0,Not applicable,,,W02000285,W01001305
402435,668,Pembrokeshire,2396,Milford Haven Community Primary School,30,Welsh establishment,6,Welsh schools,1,Open,1,Result of Amalgamation,01-09-2018,99,,,0,Not applicable,,,9,,Not applicable,0,Not applicable,9,,99,,None,0,Not applicable,9,,,0,Not applicable,,,,,,0,Not applicable,,,Not applicable,,Not applicable,,,,,,,0,Not applicable,05-10-2018,Prioryville,,,Milford Haven,,SA73 2LQ,,,,,,,Not applicable,,,,Not applicable,,,Not applicable,Not applicable,,,,Not approved,,,,,,,,,,,,,,,,,,,W,Wales (pseudo),W06000009,Pembrokeshire,W05000430,Milford: North,W07000065,Preseli Pembrokeshire,C1,(England/Wales) Urban city and town,W06000009,190728,206238,,Pembrokeshire 010,Pembrokeshire 010C,,,,,,999,,,,,United Kingdom,200003245270,,0,Not applicable,0,Not applicable,,,W02000135,W01000593
402436,668,Pembrokeshire,2397,Waldo Williams Primary School,30,Welsh establishment,6,Welsh schools,1,Open,1,Result of Amalgamation,01-01-2019,99,,,0,Not applicable,,,9,,Not applicable,0,Not applicable,9,,99,,None,0,Not applicable,9,,,0,Not applicable,,,,,,0,Not applicable,,,Not applicable,,Not applicable,,,,,,,0,Not applicable,15-01-2019,Barn Street,,,Haverfordwest,,SA61 1TD,,,,,,,Not applicable,,,,Not applicable,,,Not applicable,Not applicable,,,,Not approved,,,,,,,,,,,,,,,,,,,W,Wales (pseudo),W06000009,Pembrokeshire,W05000953,Haverfordwest: Portfield,W07000065,Preseli Pembrokeshire,C1,(England/Wales) Urban city and town,W06000009,194979,215505,,Pembrokeshire 006,Pembrokeshire 006A,,,,,,999,,,,,United Kingdom,200003263797,,0,Not applicable,0,Not applicable,,,W02000131,W01000571